date,quarter,department,day,team,targeted_productivity,smv,wip,over_time,incentive,idle_time,idle_men,no_of_style_change,no_of_workers,actual_productivity
30,0,0,4,7,0.75,30.1,627.0,6960,0,3.5,20,1,58.0,0.393548851
10,4,0,2,3,0.8,22.52,1271.0,5400,50,0.0,0,0,57.0,0.800161172
7,4,0,1,1,0.8,26.16,1073.0,10620,75,0.0,0,0,59.0,0.850502311
52,4,1,2,11,0.8,2.9,1039.0,0,960,0.0,0,0,8.0,0.960625
27,4,0,4,1,0.75,26.82,1254.0,6960,65,0.0,0,0,58.0,0.85007069
52,4,0,2,5,0.6,26.82,919.0,7080,23,0.0,0,1,59.0,0.6000406779999999
26,0,0,5,12,0.8,15.26,1065.0,4080,63,0.0,0,0,34.0,0.8004019609999999
55,1,1,5,12,0.8,4.6,1039.0,1080,0,0.0,0,0,9.0,0.868888889
21,4,0,3,1,0.8,22.52,1498.0,0,113,0.0,0,0,57.0,1.000065789
23,4,1,4,2,0.8,3.94,1039.0,2160,0,0.0,0,0,18.0,0.8755555559999999
53,1,0,1,3,0.8,29.4,1156.0,6840,50,0.0,0,0,57.0,0.800333333
4,2,2,5,4,0.8,4.3,1039.0,1200,0,0.0,0,0,10.0,0.989
58,1,0,0,7,0.7,24.26,658.0,6960,0,270.0,45,0,58.0,0.662270115
38,0,2,5,10,0.75,3.94,1039.0,8400,0,0.0,0,0,14.0,0.940701058
55,1,1,5,11,0.8,2.9,1039.0,1200,0,0.0,0,0,10.0,0.927291667
14,1,0,4,10,0.7,21.82,1393.0,5640,30,0.0,0,0,52.0,0.700236601
47,4,0,1,6,0.7,23.41,1180.0,4560,30,0.0,0,1,38.0,0.7002464909999999
8,1,2,1,1,0.8,3.94,1039.0,1440,0,0.0,0,0,8.0,0.936496212
41,1,2,4,8,0.65,4.15,1039.0,960,0,0.0,0,0,8.0,1.0115625
46,1,0,1,7,0.7,24.26,1639.0,6720,0,0.0,0,0,56.0,0.541517857
52,4,1,2,9,0.75,2.9,1039.0,0,3600,0.0,0,0,15.0,0.841
58,1,0,0,4,0.6,30.1,486.0,6780,30,0.0,0,1,57.0,0.600224189
22,4,0,4,2,0.8,28.08,805.0,10530,63,0.0,0,0,58.5,0.8
37,3,0,1,6,0.75,18.79,726.0,3360,0,0.0,0,0,33.0,0.7506213540000001
44,0,2,0,3,0.75,3.94,1039.0,1440,0,0.0,0,0,8.0,0.895454545
17,3,0,4,10,0.7,22.52,1002.0,10080,40,0.0,0,0,56.0,0.7000941559999999
40,4,0,3,6,0.8,11.61,972.0,5670,38,0.0,0,0,31.5,0.8002467529999999
47,4,0,1,5,0.65,26.82,1001.0,7080,26,0.0,0,1,59.0,0.6500440679999999
21,4,0,3,3,0.8,22.52,11.0,6840,0,0.0,0,1,57.0,0.536901754
38,0,2,5,2,0.7,3.94,1039.0,15000,0,0.0,0,0,25.0,0.649662222
22,4,0,4,3,0.8,19.87,1043.0,6420,0,0.0,0,0,55.0,0.690182815
1,1,1,2,8,0.75,4.6,1039.0,3360,0,0.0,0,0,8.0,0.773333333
16,1,0,3,7,0.8,25.9,1066.0,10170,50,0.0,0,0,56.5,0.800128721
45,0,2,2,5,0.7,4.15,1039.0,2700,0,0.0,0,0,15.0,0.959191919
11,3,2,0,10,0.8,3.94,1039.0,1440,0,0.0,0,0,8.0,0.974621212
41,1,0,4,9,0.75,29.12,1282.0,6960,45,0.0,0,0,58.0,0.7505931029999999
44,0,0,0,2,0.75,22.94,1606.0,10260,94,0.0,0,0,57.0,0.90064806
31,3,0,2,4,0.7,22.52,930.0,10260,63,0.0,0,0,57.0,0.750068049
50,3,2,5,10,0.8,3.94,1039.0,3420,0,0.0,0,0,19.0,0.953110048
24,3,1,3,12,0.8,5.13,1039.0,1200,0,0.0,0,0,10.0,0.9918
17,3,0,4,1,0.8,49.1,1381.0,10350,24,0.0,0,0,57.5,0.403242161
5,3,0,5,11,0.7,11.41,653.0,3480,30,0.0,0,2,58.0,0.7005404409999999
30,0,0,4,5,0.8,30.1,450.0,5700,0,4.5,25,0,60.0,0.307501459
5,3,0,5,3,0.7,30.1,247.0,6960,50,0.0,0,1,58.0,0.700603448
44,0,0,0,12,0.75,15.26,1316.0,6120,40,0.0,0,0,34.0,0.750079323
26,0,0,5,11,0.8,11.61,816.0,2820,50,0.0,0,2,57.0,0.800516667
53,1,0,1,4,0.7,26.66,950.0,6960,50,0.0,0,0,58.0,0.750770115
42,4,0,2,1,0.8,26.16,1099.0,8220,75,0.0,0,0,59.0,0.850522167
15,4,2,5,11,0.8,4.15,1039.0,900,0,0.0,0,0,5.0,0.5156060610000001
10,4,0,2,4,0.7,30.1,767.0,3300,50,0.0,0,1,57.0,0.7900032359999999
23,4,0,4,3,0.8,22.52,1283.0,6720,88,0.0,0,0,56.0,0.900129762
25,1,0,2,12,0.8,15.26,12261.0,3600,63,0.0,0,0,35.0,0.8004019609999999
45,0,0,2,12,0.7,15.26,1337.0,6120,40,0.0,0,0,34.0,0.70043672
51,1,0,0,7,0.8,25.9,1138.0,6720,38,0.0,0,0,56.0,0.800125
48,1,1,0,4,0.7,3.94,1039.0,960,0,0.0,0,0,8.0,0.664875
3,4,1,3,2,0.75,3.9,1039.0,1920,0,0.0,0,0,8.0,0.8192708329999999
40,4,0,3,1,0.8,26.16,1092.0,10620,63,0.0,0,0,59.0,0.8001171029999999
11,3,2,0,9,0.8,3.94,1039.0,1800,0,0.0,0,0,10.0,0.82680303
46,1,2,1,9,0.75,3.94,1039.0,1320,0,0.0,0,0,11.0,0.919954545
49,1,0,4,6,0.8,11.61,539.0,6975,50,0.0,0,0,31.0,0.879714482
53,1,0,1,2,0.4,15.28,157.0,5400,0,6.5,30,1,45.0,0.30277037
28,4,1,5,9,0.8,3.94,1039.0,960,0,0.0,0,0,8.0,0.656666667
56,1,2,5,4,0.75,3.94,1039.0,2160,0,0.0,0,0,18.0,0.593055556
28,4,0,5,7,0.65,30.1,909.0,7080,0,0.0,0,1,59.0,0.5356779660000001
22,4,2,4,4,0.8,3.94,1039.0,3600,0,0.0,0,0,20.0,0.925643939
12,1,0,5,12,0.8,15.26,1083.0,720,38,0.0,0,0,34.0,0.800612676
45,0,2,2,3,0.75,3.94,1039.0,1800,0,0.0,0,0,10.0,1.059621212
2,0,0,2,9,0.7,18.79,1641.0,6000,40,0.0,0,1,50.0,0.60128
15,4,2,5,9,0.8,3.94,1039.0,1440,0,0.0,0,0,8.0,0.891723485
42,4,0,2,7,0.8,25.9,1031.0,10170,60,0.0,0,0,56.5,0.850136766
9,1,1,3,7,0.8,4.6,1039.0,8400,0,0.0,0,0,20.0,0.6848888890000001
1,1,0,2,11,0.8,11.61,632.0,0,50,0.0,0,0,57.0,0.800309211
48,1,1,0,2,0.65,3.9,1039.0,1920,0,0.0,0,0,8.0,0.528125
5,3,1,5,6,0.8,2.9,1039.0,4320,0,0.0,0,0,18.0,0.785864198
50,3,2,5,9,0.8,3.94,1039.0,1440,0,0.0,0,0,8.0,0.8581439390000001
41,1,0,4,11,0.7,20.1,1192.0,6120,75,0.0,0,0,54.0,0.7005089290000001
49,1,0,4,2,0.8,28.08,782.0,6660,50,0.0,0,0,55.5,0.8002378379999999
21,4,0,3,9,0.8,29.12,609.0,3240,50,0.0,0,0,58.0,0.8001441440000001
55,1,0,5,2,0.6,15.28,529.0,1320,0,0.0,0,1,46.0,0.600099145
26,0,1,5,6,0.75,2.9,1039.0,3360,0,0.0,0,0,8.0,0.271875
40,4,0,3,5,0.7,20.79,965.0,7320,0,0.0,0,0,58.0,0.700095563
17,3,0,4,4,0.7,22.52,882.0,10170,50,0.0,0,0,56.5,0.7005416999999999
3,4,1,3,5,0.7,3.94,1039.0,1440,0,0.0,0,0,12.0,0.75885
38,0,0,5,11,0.7,14.89,1863.0,10260,50,0.0,0,0,57.0,0.700170388
1,1,0,2,3,0.8,29.4,1231.0,4680,50,0.0,0,0,57.0,0.800149813
26,0,0,5,8,0.75,29.4,916.0,6960,56,0.0,0,2,58.0,0.750206897
1,1,0,2,7,0.8,30.1,616.0,7080,0,0.0,0,0,59.0,0.8001158190000001
54,3,0,3,3,0.7,22.52,1139.0,10260,63,0.0,0,0,57.0,0.750068049
58,1,1,0,12,0.8,4.08,1039.0,1080,0,0.0,0,0,9.0,0.899111111
29,0,0,0,3,0.75,29.4,1144.0,4440,45,0.0,0,2,57.0,0.750716981
25,1,0,2,4,0.8,22.52,23122.0,5940,50,0.0,0,0,56.5,0.800393224
28,4,1,5,2,0.8,3.94,1039.0,2160,0,0.0,0,0,18.0,0.601944444
40,4,0,3,9,0.8,26.16,1232.0,10620,75,0.0,0,0,59.0,0.850502311
55,1,1,5,4,0.7,3.94,1039.0,960,0,0.0,0,0,8.0,0.812625
16,1,2,3,3,0.75,4.15,1039.0,2700,0,0.0,0,0,15.0,0.83
29,0,1,0,6,0.75,2.9,1039.0,3360,0,0.0,0,0,8.0,0.271875
17,3,0,4,7,0.8,48.84,624.0,10170,50,0.0,0,0,56.5,0.800128721
58,1,1,0,9,0.8,3.94,1039.0,960,0,0.0,0,0,8.0,0.7715833329999999
56,1,0,5,1,0.75,28.08,681.0,6900,45,0.0,0,0,57.5,0.7504278259999999
24,3,0,3,2,0.6,30.33,868.0,6840,0,0.0,0,1,57.0,0.328131579
6,3,0,4,11,0.65,11.41,700.0,2640,23,0.0,0,2,53.0,0.650223718
36,4,2,0,2,0.8,3.94,1039.0,1440,0,0.0,0,0,8.0,0.8171022729999999
15,4,0,5,5,0.7,42.41,724.0,10260,0,0.0,0,0,57.0,0.233705476
39,1,0,2,9,0.8,26.16,1227.0,7080,75,0.0,0,0,59.0,0.850569492
22,4,2,4,7,0.8,2.9,1039.0,1440,0,0.0,0,0,8.0,0.590435606
40,4,2,3,9,0.8,3.94,1039.0,1440,0,0.0,0,0,8.0,0.8581439390000001
11,3,0,0,2,0.6,22.94,865.0,6570,23,0.0,0,0,56.5,0.77011398
52,4,1,2,8,0.65,3.9,1039.0,0,960,0.0,0,0,8.0,0.2640625
56,1,0,5,3,0.75,28.08,795.0,6900,45,0.0,0,0,57.5,0.753683478
16,1,2,3,10,0.75,3.94,1039.0,1440,0,0.0,0,0,8.0,0.805909091
34,3,1,2,12,0.8,4.08,1039.0,1080,0,0.0,0,0,9.0,0.8915555559999999
15,4,0,5,4,0.8,28.08,942.0,10530,75,0.0,0,0,58.5,0.8501818179999999
37,3,1,1,10,0.8,3.94,1039.0,960,0,0.0,0,0,8.0,0.927541667
36,4,0,0,3,0.75,19.87,1075.0,7080,45,0.0,0,0,56.0,0.7500983509999999
52,4,1,2,1,0.75,3.94,1039.0,0,960,0.0,0,0,8.0,0.794566667
0,2,2,0,7,0.7,3.94,1039.0,1200,0,0.0,0,0,10.0,0.971866667
38,0,0,5,4,0.75,22.52,759.0,10080,81,0.0,0,0,56.0,0.8499837659999999
7,4,0,1,5,0.7,20.79,1297.0,10440,0,0.0,0,0,58.0,0.526810345
10,4,0,2,9,0.8,29.12,1073.0,6960,50,0.0,0,0,58.0,0.7999632179999999
9,1,1,3,12,0.8,4.6,1039.0,1080,0,0.0,0,0,9.0,0.885925926
13,4,1,1,6,0.75,2.9,1039.0,960,0,0.0,0,0,8.0,0.6283333329999999
32,0,1,1,3,0.8,4.6,1039.0,1440,0,0.0,0,0,12.0,0.8113888890000001
16,1,0,3,11,0.8,31.83,568.0,9900,40,0.0,0,0,55.0,0.412119835
58,1,0,0,9,0.8,29.12,829.0,6960,50,0.0,0,0,58.0,0.7999632179999999
0,2,2,0,9,0.75,3.94,1039.0,240,0,0.0,0,0,2.0,0.971866667
32,0,0,1,2,0.7,30.33,408.0,1680,30,0.0,0,1,59.0,0.700623
22,4,0,4,7,0.8,25.9,1012.0,10170,45,0.0,0,0,56.5,0.850136766
41,1,2,4,7,0.7,3.94,1039.0,2160,0,0.0,0,0,18.0,0.892194444
20,3,2,1,8,0.8,2.9,1039.0,1440,0,0.0,0,0,8.0,0.639867424
8,1,2,1,10,0.75,3.94,1039.0,1440,0,0.0,0,0,8.0,0.8096401520000001
32,0,1,1,10,0.7,2.9,1039.0,1800,0,0.0,0,0,15.0,0.902222222
49,1,2,4,8,0.8,2.9,1039.0,960,0,0.0,0,0,8.0,0.682708333
49,1,2,4,3,0.75,4.15,1039.0,1560,0,0.0,0,0,8.0,0.991388889
38,0,2,5,12,0.6,4.08,1039.0,5400,0,0.0,0,0,9.0,0.327407407
11,3,2,0,7,0.8,2.9,1039.0,1440,0,0.0,0,0,8.0,0.661837121
50,3,0,5,9,0.8,26.16,1369.0,10620,63,0.0,0,0,59.0,0.8001171029999999
18,0,2,4,1,0.7,3.94,1039.0,1440,0,0.0,0,0,8.0,0.970075758
25,1,0,2,8,0.65,24.26,1435.0,6600,0,0.0,0,0,55.0,0.260978788
27,4,0,4,8,0.6,30.48,869.0,6720,0,0.0,0,1,56.0,0.600528571
3,4,0,3,10,0.75,21.82,1674.0,6000,34,0.0,0,0,50.0,0.7506079999999999
26,0,0,5,10,0.7,21.82,1591.0,3240,0,0.0,0,1,52.0,0.700251773
15,4,0,5,1,0.8,26.16,1189.0,10620,75,0.0,0,0,59.0,0.850502311
16,1,2,3,4,0.8,3.94,1039.0,4440,0,0.0,0,0,18.0,0.827186544
46,1,0,1,8,0.7,24.26,1363.0,6660,0,0.0,0,0,55.5,0.586465465
51,1,2,0,2,0.8,4.15,1039.0,960,0,0.0,0,0,8.0,0.782447917
3,4,1,3,6,0.7,2.9,1039.0,720,0,0.0,0,0,6.0,0.394722222
46,1,0,1,9,0.75,29.12,1070.0,6960,34,0.0,0,0,58.0,0.7505931029999999
26,0,0,5,2,0.7,30.33,398.0,6960,0,0.0,0,1,58.0,0.66237931
42,4,2,2,8,0.8,2.9,1039.0,1440,0,0.0,0,0,8.0,0.725
16,1,0,3,2,0.8,28.08,776.0,10350,63,0.0,0,0,57.5,0.800594466
23,4,1,4,7,0.7,4.15,1039.0,1440,0,0.0,0,0,12.0,0.928680556
9,1,0,3,8,0.8,29.4,30.0,6840,0,0.0,0,0,57.0,0.433263158
31,3,0,2,12,0.35,15.26,1111.0,6120,23,0.0,0,0,34.0,0.35021836
42,4,2,2,7,0.8,2.9,1039.0,1440,0,0.0,0,0,8.0,0.648106061
49,1,2,4,2,0.8,3.94,1039.0,960,0,0.0,0,0,8.0,0.7921041670000001
55,1,1,5,8,0.8,4.6,1039.0,2640,0,0.0,0,0,22.0,0.980984848
45,0,0,2,6,0.8,11.61,1072.0,5760,50,0.0,0,0,32.0,0.8003863640000001
9,1,1,3,3,0.8,4.6,1039.0,1200,0,0.0,0,0,10.0,0.939166667
49,1,2,4,9,0.8,3.94,1039.0,960,0,0.0,0,0,8.0,0.931645833
17,3,2,4,11,0.65,4.15,1039.0,2160,0,0.0,0,0,12.0,0.8383838379999999
57,0,0,3,7,0.8,30.1,786.0,7080,50,0.0,0,2,59.0,0.8001158190000001
21,4,1,3,5,0.7,4.15,1039.0,240,0,0.0,0,0,2.0,0.87
2,0,1,2,7,0.7,5.13,1039.0,960,0,0.0,0,0,8.0,0.356458333
12,1,0,5,11,0.75,10.05,668.0,2520,34,0.0,0,0,26.0,0.7504
3,4,1,3,3,0.8,4.6,1039.0,1920,0,0.0,0,0,8.0,0.786631944
50,3,2,5,1,0.8,3.94,1039.0,1440,0,0.0,0,0,8.0,0.8842613640000001
29,0,0,0,6,0.75,18.79,1012.0,3960,45,0.0,0,0,33.0,0.75065101
33,1,0,3,8,0.7,29.12,1248.0,6840,0,0.0,0,0,57.0,0.700135088
46,1,0,1,2,0.8,22.52,1452.0,6960,100,0.0,0,0,58.0,0.949981609
35,0,2,3,4,0.8,4.3,1039.0,1440,0,0.0,0,0,12.0,0.7226388890000001
38,0,0,5,7,0.6,22.52,1859.0,10260,23,0.0,0,0,57.0,0.60041361
34,3,1,2,6,0.8,2.9,1039.0,960,0,0.0,0,0,8.0,0.773333333
2,0,0,2,11,0.75,11.41,826.0,2820,0,0.0,0,2,58.0,0.7502939390000001
50,3,2,5,8,0.8,2.9,1039.0,1440,0,0.0,0,0,8.0,0.606912879
33,1,2,3,12,0.8,4.08,1039.0,1080,0,0.0,0,0,9.0,0.687555556
5,3,1,5,8,0.7,5.13,1039.0,1920,0,0.0,0,0,8.0,0.672135417
17,3,2,4,10,0.7,3.94,1039.0,1440,0,0.0,0,0,8.0,0.235795455
52,4,1,2,2,0.7,3.9,1039.0,0,1200,0.0,0,0,10.0,0.6825
53,1,1,1,6,0.75,2.9,1039.0,3360,0,0.0,0,0,8.0,0.309333333
32,0,0,1,1,0.6,22.53,708.0,5040,0,0.0,0,1,42.0,0.268214286
28,4,1,5,1,0.8,3.94,1039.0,1440,0,0.0,0,0,12.0,0.664875
11,3,2,0,8,0.8,2.9,1039.0,1440,0,0.0,0,0,8.0,0.675568182
19,0,0,1,2,0.75,22.52,1635.0,6840,119,0.0,0,0,57.0,1.000230409
41,1,2,4,6,0.6,2.9,1039.0,1200,0,0.0,0,0,10.0,0.314166667
13,4,0,1,4,0.7,30.1,855.0,7020,40,0.0,0,1,58.0,0.700618234
49,1,0,4,4,0.8,28.08,878.0,4260,50,0.0,0,0,55.5,0.800598058
48,1,1,0,6,0.5,2.9,1039.0,960,0,0.0,0,0,8.0,0.7975
0,2,0,0,8,0.5,23.54,1144.0,6480,0,0.0,0,0,54.0,0.286984568
55,1,0,5,7,0.8,30.1,834.0,1200,0,4.0,40,0,59.0,0.366053523
41,1,2,4,2,0.8,3.94,1039.0,1200,0,0.0,0,0,10.0,0.912766667
35,0,2,3,8,0.65,4.15,1039.0,960,0,0.0,0,0,8.0,0.553333333
20,3,2,1,9,0.8,3.94,1039.0,1800,0,0.0,0,0,10.0,0.72830303
13,4,0,1,5,0.75,30.1,855.0,7020,45,0.0,0,0,58.0,0.750356125
43,4,0,0,4,0.75,30.1,481.0,7140,0,0.0,0,1,59.0,0.7503921570000001
12,1,0,5,1,0.8,22.52,1485.0,6900,113,0.0,0,0,57.5,1.000018551
40,4,2,3,7,0.8,2.9,1039.0,1440,0,0.0,0,0,8.0,0.837594697
6,3,1,4,4,0.75,4.15,1039.0,2400,0,0.0,0,0,20.0,0.287041667
5,3,1,5,3,0.5,5.13,1039.0,2880,0,0.0,0,0,12.0,0.81640625
8,1,0,1,5,0.65,21.98,808.0,10440,35,0.0,0,0,58.0,0.649983281
17,3,2,4,7,0.8,2.9,1039.0,1440,0,0.0,0,0,8.0,0.692045455
23,4,0,4,5,0.7,30.1,754.0,7020,0,0.0,0,0,58.5,0.700618234
56,1,0,5,6,0.8,25.9,1170.0,1920,50,0.0,0,0,56.0,0.8003819440000001
21,4,0,3,11,0.35,11.41,434.0,3240,0,0.0,0,1,52.0,0.507903226
17,3,2,4,6,0.8,2.9,1039.0,1800,0,0.0,0,0,10.0,0.804848485
58,1,0,0,12,0.8,15.26,1021.0,4080,63,0.0,0,0,34.0,0.8004019609999999
30,0,1,4,12,0.8,5.13,1039.0,2400,0,0.0,0,0,10.0,0.78375
11,3,2,0,11,0.8,4.15,1039.0,1260,0,0.0,0,0,7.0,0.313852814
13,4,0,1,2,0.8,22.52,1512.0,0,88,0.0,0,0,57.0,0.8999840579999999
50,3,0,5,4,0.65,22.52,872.0,10080,26,0.0,0,0,56.0,0.650130952
13,4,1,1,2,0.8,3.94,1039.0,2160,0,0.0,0,0,18.0,0.966759259
17,3,2,4,9,0.8,3.94,1039.0,1800,0,0.0,0,0,10.0,0.582045455
21,4,1,3,12,0.8,4.08,1039.0,1080,0,0.0,0,0,9.0,1.02
18,0,0,4,7,0.7,22.52,360.0,10170,40,0.0,0,0,56.5,0.7005416999999999
14,1,1,4,7,0.8,4.6,1039.0,3360,0,0.0,0,0,8.0,0.350416667
31,3,0,2,3,0.7,22.52,1095.0,10170,50,0.0,0,0,56.5,0.750062751
24,3,1,3,8,0.7,5.13,1039.0,960,0,0.0,0,0,8.0,0.58
35,0,0,3,4,0.8,22.52,1342.0,6780,50,0.0,0,0,56.5,0.800489676
18,0,0,4,10,0.75,22.52,1413.0,10080,69,0.0,0,0,56.0,0.800020563
30,0,0,4,3,0.7,30.1,1041.0,8160,33,0.0,0,2,58.0,0.6265777779999999
17,3,2,4,8,0.8,2.9,1039.0,1440,0,0.0,0,0,8.0,0.639867424
12,1,0,5,10,0.8,22.52,1039.0,6720,113,0.0,0,0,56.0,0.999995238
39,1,2,2,9,0.8,2.9,1039.0,1920,0,0.0,0,0,8.0,0.8208333329999999
22,4,0,4,1,0.8,26.16,1383.0,10620,75,0.0,0,0,59.0,0.850502311
47,4,1,1,9,0.75,2.9,1039.0,1800,0,0.0,0,0,15.0,0.821666667
49,1,0,4,3,0.75,19.87,734.0,6600,45,0.0,0,0,55.0,0.75024303
25,1,2,2,4,0.8,4.3,1039.0,1440,0,0.0,0,0,12.0,0.8092361109999999
51,1,0,0,11,0.8,11.61,1005.0,7080,50,0.0,0,0,29.5,0.8002372879999999
47,4,1,1,12,0.8,4.6,1039.0,1080,0,0.0,0,0,9.0,0.92
36,4,2,0,7,0.8,2.9,1039.0,1440,0,0.0,0,0,8.0,0.670075758
21,4,0,3,8,0.6,30.1,1069.0,4560,30,0.0,0,1,58.0,0.714410494
52,4,0,2,4,0.75,26.82,1079.0,7020,65,0.0,0,0,58.0,0.850446154
50,3,0,5,10,0.6,22.52,1076.0,10170,23,0.0,0,0,56.5,0.600291767
13,4,1,1,12,0.8,4.08,1039.0,1080,0,0.0,0,0,9.0,1.004888889
12,1,0,5,9,0.8,29.12,1069.0,6960,50,0.0,0,0,58.0,0.7999632179999999
20,3,0,1,2,0.7,22.94,1363.0,10260,50,0.0,0,0,57.0,0.7500318979999999
37,3,1,1,7,0.7,5.13,1039.0,1200,0,0.0,0,0,10.0,0.91375
11,3,0,0,7,0.8,25.9,1396.0,10170,50,0.0,0,0,56.5,0.800128721
49,1,0,4,11,0.75,19.31,513.0,6480,45,0.0,0,0,54.0,0.7503484570000001
16,1,0,3,3,0.8,19.87,924.0,9900,50,0.0,0,0,55.0,0.8002738290000001
31,3,0,2,10,0.7,22.52,938.0,10080,63,0.0,0,0,56.0,0.750057359
51,1,2,0,9,0.8,4.15,1039.0,960,0,0.0,0,0,8.0,0.956270833
26,0,1,5,9,0.75,2.9,1039.0,960,0,0.0,0,0,8.0,0.4078125
16,1,2,3,6,0.8,2.9,1039.0,1800,0,0.0,0,0,10.0,0.666515152
19,0,0,1,11,0.5,48.18,1282.0,6480,23,0.0,0,0,54.0,0.37046657
40,4,0,3,2,0.8,51.02,1086.0,4260,27,0.0,0,0,57.0,0.311207464
32,0,0,1,4,0.8,30.1,901.0,6480,50,0.0,0,1,59.0,0.800071839
56,1,0,5,9,0.7,28.08,872.0,6900,44,0.0,0,0,57.5,0.7211269570000001
33,1,0,3,4,0.35,30.1,287.0,6060,23,150.0,15,0,55.5,0.350706422
34,3,0,2,9,0.6,18.79,2103.0,5400,0,0.0,0,1,54.0,0.329964879
40,4,2,3,4,0.35,4.3,1039.0,2700,0,0.0,0,0,8.0,0.908080808
51,1,0,0,4,0.7,23.69,544.0,13800,0,0.0,0,0,60.0,0.700134038
36,4,0,0,1,0.8,26.16,1335.0,10620,63,0.0,0,0,59.0,0.8001171029999999
44,0,2,0,8,0.8,2.9,1039.0,1620,0,0.0,0,0,9.0,0.910521886
54,3,2,3,1,0.65,3.94,1039.0,2400,0,0.0,0,0,8.0,0.505128205
31,3,2,2,5,0.65,4.15,1039.0,1440,0,0.0,0,0,8.0,0.958901515
50,3,0,5,5,0.7,20.79,391.0,10440,0,0.0,0,0,58.0,0.700060345
47,4,0,1,1,0.75,26.82,1574.0,7080,75,0.0,0,0,59.0,0.9000610170000001
12,1,0,5,7,0.07,24.26,1608.0,6960,0,0.0,0,0,58.0,0.522844828
47,4,1,1,10,0.7,2.9,1039.0,960,0,0.0,0,0,8.0,0.39875
34,3,1,2,7,0.7,4.15,1039.0,1800,0,0.0,0,0,15.0,0.258
14,1,1,4,3,0.8,4.6,1039.0,10500,0,0.0,0,0,25.0,0.936355556
53,1,1,1,3,0.8,4.6,1039.0,6300,0,0.0,0,0,15.0,0.902962963
8,1,0,1,11,0.75,19.31,590.0,9900,45,0.0,0,0,55.0,0.7500578509999999
19,0,0,1,3,0.75,22.52,1299.0,6840,119,0.0,0,0,57.0,1.000230409
45,0,0,2,10,0.75,22.52,1250.0,10080,55,0.0,0,0,56.0,0.800020563
22,4,2,4,11,0.8,4.15,1039.0,1440,0,0.0,0,0,8.0,0.668087121
57,0,0,3,6,0.75,18.79,1003.0,3960,45,0.0,0,1,33.0,0.75065101
37,3,0,1,5,0.8,30.1,680.0,7140,0,0.0,0,0,59.0,0.653431373
36,4,2,0,9,0.8,3.94,1039.0,1440,0,0.0,0,0,8.0,0.8581439390000001
14,1,0,4,8,0.75,29.4,622.0,6240,56,0.0,0,0,57.0,0.75075
23,4,0,4,4,0.65,30.1,712.0,6780,44,0.0,0,1,56.5,0.568259587
37,3,0,1,2,0.5,30.33,838.0,6720,0,0.0,0,1,56.0,0.361071429
26,0,0,5,9,0.75,18.79,1020.0,5640,45,0.0,0,1,52.0,0.750371895
20,3,0,1,6,0.8,11.41,1047.0,5580,63,0.0,0,0,31.0,0.8002614859999999
54,3,0,3,7,0.5,22.52,1720.0,10080,23,0.0,0,0,56.0,0.500241342
26,0,0,5,4,0.8,30.1,437.0,7080,32,0.0,0,2,59.0,0.495617514
47,4,0,1,10,0.75,21.82,1499.0,6000,34,0.0,0,0,50.0,0.7506079999999999
9,1,0,3,4,0.7,26.82,1028.0,6960,60,0.0,0,0,58.0,0.799975862
18,0,0,4,6,0.8,11.61,1181.0,5760,63,0.0,0,0,32.0,0.8003863640000001
1,1,0,2,12,0.8,15.26,1035.0,4080,63,0.0,0,0,34.0,0.8004019609999999
32,0,0,1,12,0.8,15.26,1062.0,4080,50,0.0,0,0,34.0,0.8004019609999999
39,1,0,2,10,0.75,28.08,1083.0,7020,45,0.0,0,0,58.5,0.7504
28,4,0,5,2,0.8,22.52,1327.0,0,113,0.0,0,0,57.5,1.000344928
13,4,0,1,8,0.5,30.1,1061.0,6960,30,0.0,0,1,58.0,0.393548851
58,1,0,0,6,0.75,18.79,813.0,1560,34,0.0,0,0,33.0,0.750520115
44,0,0,0,5,0.7,20.4,1382.0,10440,50,0.0,0,0,58.0,0.7002507840000001
42,4,2,2,3,0.8,4.15,1039.0,1800,0,0.0,0,0,10.0,0.905454545
39,1,0,2,3,0.75,19.87,944.0,6600,45,0.0,0,0,55.0,0.75024303
18,0,2,4,12,0.7,4.08,1039.0,1620,0,0.0,0,0,9.0,0.6181818179999999
19,0,2,1,1,0.75,3.94,1039.0,1200,0,0.0,0,0,10.0,0.77815
9,1,0,3,1,0.7,26.82,1772.0,6960,50,0.0,0,0,58.0,0.750651724
10,4,1,2,2,0.8,3.94,1039.0,2160,0,0.0,0,0,18.0,1.057962963
34,3,1,2,3,0.5,4.15,1039.0,960,0,0.0,0,0,8.0,0.864583333
27,4,1,4,5,0.5,3.94,1039.0,960,0,0.0,0,0,8.0,0.857916667
33,1,0,3,2,0.8,22.52,1263.0,6900,100,0.0,0,0,57.5,1.05028058
27,4,1,4,11,0.8,2.9,1039.0,960,0,0.0,0,0,8.0,0.755208333
44,0,2,0,5,0.7,4.15,1039.0,2700,0,0.0,0,0,15.0,0.966666667
13,4,1,1,8,0.35,4.15,1039.0,960,0,0.0,0,0,8.0,0.703770833
37,3,0,1,9,0.65,18.79,2120.0,5520,0,0.0,0,1,51.0,0.650134
26,0,1,5,1,0.5,3.94,1039.0,3360,0,0.0,0,0,8.0,0.768847222
8,1,2,1,2,0.8,3.94,1039.0,1440,0,0.0,0,0,8.0,0.805909091
22,4,2,4,3,0.75,4.15,1039.0,1440,0,0.0,0,0,8.0,0.93532197
50,3,0,5,3,0.5,22.52,1102.0,10170,30,0.0,0,0,56.5,0.660683293
20,3,0,1,11,0.7,14.89,1501.0,10260,50,0.0,0,0,57.0,0.700170388
39,1,0,2,4,0.8,28.08,759.0,6900,50,0.0,0,0,57.5,0.800076522
24,3,0,3,6,0.75,18.79,759.0,3960,34,0.0,0,0,33.0,0.75065101
1,1,0,2,5,0.65,27.48,544.0,6720,34,0.0,0,0,56.0,0.7009035709999999
6,3,0,4,6,0.75,18.79,814.0,4080,0,0.0,0,0,34.0,0.681598039
52,4,0,2,9,0.75,18.79,1193.0,6240,45,0.0,0,0,52.0,0.750395513
53,1,1,1,2,0.4,3.9,1039.0,6300,0,0.0,0,0,15.0,0.567377778
36,4,2,0,5,0.5,4.15,1039.0,1440,0,0.0,0,0,8.0,0.337973485
13,4,1,1,9,0.8,3.94,1039.0,960,0,0.0,0,0,8.0,0.6895
49,1,0,4,10,0.7,28.08,1202.0,6900,40,0.0,0,0,57.5,0.699965217
41,1,0,4,3,0.8,22.52,1124.0,6840,100,0.0,0,0,57.0,0.950185965
8,1,2,1,9,0.8,3.94,1039.0,1440,0,0.0,0,0,8.0,0.8581439390000001
36,4,2,0,10,0.8,3.94,1039.0,1440,0,0.0,0,0,8.0,0.846950758
16,1,0,3,9,0.8,26.16,1324.0,10620,75,0.0,0,0,59.0,0.850502311
10,4,0,2,7,0.35,30.1,842.0,6960,0,0.0,0,1,58.0,0.350301724
55,1,0,5,10,0.7,21.82,1390.0,6000,30,0.0,0,0,50.0,0.700422
37,3,0,1,3,0.7,30.1,1422.0,6960,50,0.0,0,1,58.0,0.700603448
7,4,0,1,4,0.5,22.4,783.0,10170,23,0.0,0,0,56.5,0.500380799
55,1,0,5,11,0.8,11.41,455.0,3420,50,0.0,0,0,56.0,0.8007017540000001
4,2,0,5,2,0.8,22.52,1416.0,6840,113,0.0,0,0,57.0,1.000230409
9,1,0,3,12,0.8,15.26,961.0,4080,50,0.0,0,0,34.0,0.8004019609999999
4,2,2,5,1,0.75,3.94,1039.0,1200,0,0.0,0,0,10.0,0.853666667
1,1,1,2,4,0.65,3.94,1039.0,960,0,0.0,0,0,8.0,0.8068791670000001
54,3,0,3,8,0.8,25.9,562.0,7470,38,0.0,0,0,56.5,0.800436542
50,3,0,5,12,0.8,11.61,1216.0,4950,50,0.0,0,0,31.5,0.80003139
19,0,0,1,8,0.65,15.09,976.0,240,23,0.0,0,0,52.0,0.6503071429999999
19,0,0,1,10,0.8,22.52,1134.0,6720,70,0.0,0,0,56.0,0.900129762
19,0,0,1,4,0.8,22.52,1106.0,6780,60,0.0,0,0,56.5,0.850312684
39,1,0,2,2,0.8,28.08,757.0,6900,50,0.0,0,0,57.5,0.800076522
49,1,0,4,5,0.7,45.67,884.0,6960,26,0.0,0,0,58.0,0.603432184
24,3,0,3,5,0.8,30.1,511.0,0,0,0.0,0,0,59.0,0.800980392
47,4,0,1,9,0.75,18.79,1247.0,6240,45,0.0,0,0,52.0,0.750395513
35,0,0,3,11,0.5,20.1,1413.0,5880,46,0.0,0,0,54.0,0.5005673079999999
1,1,1,2,10,0.7,2.9,1039.0,3360,0,0.0,0,0,8.0,0.632361111
21,4,0,3,7,0.6,30.1,829.0,3360,23,0.0,0,1,58.0,0.6000705129999999
9,1,0,3,5,0.7,27.48,586.0,6960,40,0.0,0,0,58.0,0.7004241379999999
5,3,1,5,2,0.8,5.13,1039.0,3600,0,0.0,0,0,15.0,0.710125
56,1,0,5,10,0.75,19.31,578.0,6480,45,0.0,0,0,54.0,0.712205247
0,2,2,0,1,0.75,3.94,1039.0,1800,0,0.0,0,0,15.0,0.971866667
7,4,0,1,6,0.8,11.61,1004.0,5670,50,0.0,0,0,31.5,0.8002467529999999
27,4,1,4,12,0.8,4.6,1039.0,1080,0,0.0,0,0,9.0,0.945555556
32,0,0,1,7,0.75,30.1,739.0,5640,45,0.0,0,1,59.0,0.7507273259999999
51,1,0,0,8,0.8,26.16,1261.0,7080,50,0.0,0,0,59.0,0.8003186440000001
12,1,0,5,6,0.7,18.79,766.0,2760,30,0.0,0,0,33.0,0.700079032
53,1,0,1,7,0.8,30.1,29.0,7080,50,0.0,0,0,59.0,0.8001158190000001
40,4,2,3,5,0.65,4.15,1039.0,1440,0,0.0,0,0,15.0,0.864583333
52,4,1,2,3,0.8,4.6,1039.0,0,1440,0.0,0,0,12.0,0.795416667
55,1,0,5,6,0.35,22.53,1450.0,2640,0,0.0,0,1,39.0,0.26369382
57,0,0,3,1,0.65,22.53,762.0,5040,0,0.0,0,1,42.0,0.581130952
48,1,0,0,11,0.8,11.41,471.0,3420,50,0.0,0,0,58.0,0.800034503
30,0,0,4,9,0.7,18.79,1717.0,3240,30,0.0,0,1,57.0,0.6270111829999999
38,0,2,5,5,0.7,4.15,1039.0,9000,0,0.0,0,0,15.0,0.742901235
44,0,0,0,4,0.75,22.52,727.0,10260,94,0.0,0,0,57.0,0.9003211059999999
21,4,1,3,8,0.35,4.15,1039.0,1440,0,0.0,0,0,12.0,0.994375
41,1,0,4,2,0.8,22.52,1396.0,6900,113,0.0,0,0,57.5,1.0006713040000002
4,2,2,5,11,0.6,2.9,1039.0,960,0,0.0,0,0,8.0,0.864583333
43,4,1,0,9,0.8,3.94,1039.0,960,0,0.0,0,0,8.0,0.238041667
24,3,1,3,2,0.8,5.13,1039.0,1440,0,0.0,0,0,12.0,0.919125
37,3,0,1,7,0.7,30.1,562.0,840,30,0.0,0,1,59.0,0.700888203
3,4,0,3,8,0.7,30.48,914.0,6840,30,0.0,0,1,57.0,0.7005052629999999
6,3,0,4,5,0.8,30.1,679.0,7140,0,0.0,0,0,59.5,0.722568627
28,4,0,5,3,0.35,30.1,770.0,6960,0,0.0,0,1,58.0,0.350301724
54,3,2,3,2,0.7,3.94,1039.0,5100,0,0.0,0,0,17.0,0.912202112
52,4,0,2,6,0.65,23.41,1262.0,4560,35,0.0,0,1,38.0,0.650962281
35,0,2,3,6,0.35,2.9,1039.0,1800,0,0.0,0,0,15.0,0.977555556
27,4,1,4,8,0.6,3.9,1039.0,960,0,0.0,0,0,8.0,0.4509375
4,2,2,5,12,0.75,4.08,1039.0,1080,0,0.0,0,0,9.0,0.6346666670000001
35,0,0,3,10,0.8,22.52,1175.0,6720,60,0.0,0,0,56.0,0.850532143
32,0,1,1,11,0.7,2.9,1039.0,960,0,0.0,0,0,8.0,0.5046875
26,0,0,5,1,0.35,26.66,1164.0,6600,23,0.0,0,2,55.0,0.378895152
36,4,2,0,1,0.8,3.94,1039.0,2160,0,0.0,0,0,8.0,0.985
35,0,2,3,12,0.75,4.08,1039.0,1080,0,0.0,0,0,9.0,0.7555555559999999
23,4,0,4,10,0.8,22.52,1388.0,6720,88,0.0,0,0,56.0,0.9008
54,3,0,3,11,0.7,14.89,1735.0,10260,50,0.0,0,0,57.0,0.700170388
53,1,1,1,4,0.7,3.94,1039.0,3360,0,0.0,0,0,8.0,0.555430556
37,3,0,1,12,0.8,15.26,1133.0,4080,38,0.0,0,0,34.0,0.8004019609999999
32,0,0,1,11,0.75,11.61,698.0,3360,34,0.0,0,2,57.0,0.7504372690000001
46,1,2,1,2,0.8,3.94,1039.0,2400,0,0.0,0,0,20.0,1.001416667
30,0,0,4,11,0.75,11.41,834.0,3480,0,0.0,0,2,58.0,0.672140805
30,0,0,4,4,0.8,30.1,922.0,5820,63,0.0,0,1,59.0,0.80000295
7,4,0,1,10,0.35,22.4,715.0,10170,23,0.0,0,0,56.5,0.35020649
10,4,0,2,1,0.8,22.52,1506.0,3600,70,0.0,0,0,57.0,0.9005090440000001
9,1,0,3,6,0.75,18.79,52.0,3960,0,0.0,0,0,33.0,0.332146465
13,4,0,1,10,0.8,22.52,1268.0,0,88,0.0,0,0,56.0,0.90063244
54,3,0,3,12,0.6,15.26,1245.0,6360,23,0.0,0,0,34.0,0.60017284
55,1,1,5,9,0.75,2.9,1039.0,960,0,0.0,0,0,8.0,0.453125
34,3,1,2,5,0.75,4.15,1039.0,1200,0,0.0,0,0,10.0,0.629416667
23,4,1,4,9,0.8,3.94,1039.0,960,0,0.0,0,0,8.0,0.6074166670000001
6,3,0,4,4,0.75,30.1,919.0,7140,0,0.0,0,1,59.5,0.598627451
6,3,1,4,8,0.7,4.15,1039.0,960,0,0.0,0,0,8.0,0.605208333
53,1,1,1,7,0.8,4.6,1039.0,4200,0,0.0,0,0,10.0,0.999533333
23,4,0,4,12,0.8,15.26,1026.0,2880,63,0.0,0,0,34.0,0.8003552079999999
27,4,1,4,10,0.7,2.9,1039.0,960,0,0.0,0,0,8.0,0.441041667
31,3,2,2,11,0.7,4.15,1039.0,1440,0,0.0,0,0,8.0,0.409545455
9,1,1,3,4,0.7,3.94,1039.0,960,0,0.0,0,0,8.0,0.806058333
42,4,2,2,6,0.8,2.9,1039.0,1440,0,0.0,0,0,8.0,0.8174242420000001
7,4,0,1,3,0.8,42.27,465.0,9900,54,0.0,0,0,55.0,0.705576584
2,0,0,2,12,0.8,15.26,1060.0,4080,63,0.0,0,0,34.0,0.8004019609999999
13,4,1,1,1,0.8,3.94,1039.0,1440,0,0.0,0,0,12.0,0.853666667
7,4,2,1,7,0.8,2.9,1039.0,1440,0,0.0,0,0,8.0,0.670075758
37,3,0,1,10,0.65,18.22,741.0,0,0,8.0,35,1,49.0,0.302117347
20,3,0,1,4,0.7,22.52,983.0,10260,63,0.0,0,0,57.0,0.750068049
15,4,0,5,7,0.8,25.9,1050.0,10170,60,0.0,0,0,56.5,0.850136766
52,4,1,2,4,0.75,3.94,1039.0,0,960,0.0,0,0,8.0,0.7953875
20,3,0,1,3,0.7,22.52,1134.0,8460,50,0.0,0,0,57.0,0.750037968
0,2,2,0,3,0.8,3.94,1039.0,960,0,0.0,0,0,8.0,0.971866667
40,4,0,3,10,0.5,22.4,947.0,3390,23,0.0,0,0,56.5,0.499980334
27,4,0,4,12,0.8,15.26,1064.0,4080,63,0.0,0,0,34.0,0.8004019609999999
11,3,0,0,6,0.8,11.41,1067.0,5490,63,0.0,0,0,30.5,0.8003437659999999
24,3,1,3,4,0.75,5.13,1039.0,960,0,0.0,0,0,8.0,0.734645833
39,1,0,2,5,0.6,21.98,666.0,6960,23,0.0,0,0,58.0,0.6000287360000001
39,1,2,2,3,0.75,4.15,1039.0,1920,0,0.0,0,0,8.0,0.875390625
37,3,0,1,4,0.75,30.1,849.0,7020,45,0.0,0,1,58.0,0.750356125
48,1,0,0,9,0.75,18.79,1226.0,3480,45,0.0,0,0,51.0,0.749987124
27,4,0,4,5,0.5,26.82,711.0,7080,23,0.0,0,1,59.0,0.500033898
24,3,0,3,12,0.8,15.26,1095.0,4080,63,0.0,0,0,34.0,0.8004019609999999
57,0,0,3,5,0.8,30.1,15.0,1200,49,0.0,0,1,59.0,0.598792339
21,4,0,3,5,0.75,30.1,788.0,7380,56,0.0,0,0,59.5,0.750406233
38,0,0,5,3,0.7,22.52,1244.0,10260,63,0.0,0,0,57.0,0.750068049
48,1,1,0,1,0.7,3.94,1039.0,960,0,0.0,0,0,8.0,0.664875
16,1,0,3,5,0.7,21.98,413.0,9720,40,0.0,0,0,58.0,0.7004808309999999
13,4,0,1,7,0.5,30.1,1025.0,6960,23,0.0,0,1,58.0,0.500801724
28,4,0,5,8,0.65,30.1,1193.0,7080,0,0.0,0,1,59.0,0.463403955
19,0,0,1,9,0.7,29.12,1294.0,6960,50,0.0,0,0,58.0,0.700386207
19,0,2,1,12,0.7,4.15,1039.0,1080,0,0.0,0,0,9.0,0.823555556
29,0,0,0,2,0.7,30.33,512.0,4560,0,0.0,0,1,58.0,0.7002111109999999
47,4,1,1,7,0.5,3.9,1039.0,960,0,0.0,0,0,8.0,0.560625
6,3,0,4,8,0.7,30.1,507.0,5880,40,2.0,10,1,59.0,0.7005730990000001
38,0,0,5,2,0.7,22.94,1510.0,10620,60,0.0,0,0,57.0,0.8003027909999999
3,4,0,3,11,0.8,11.41,560.0,3420,50,0.0,0,0,58.0,0.800034503
48,1,1,0,7,0.8,4.6,1039.0,6000,0,0.0,0,0,25.0,0.825444444
53,1,0,1,12,0.8,15.26,983.0,4080,50,0.0,0,0,34.0,0.8004019609999999
35,0,0,3,1,0.75,22.94,1868.0,6960,81,0.0,0,0,58.0,0.8503620690000001
1,1,0,2,4,0.65,26.66,832.0,6780,55,0.0,0,0,57.0,0.750254867
7,4,2,1,1,0.8,3.94,1039.0,1440,0,0.0,0,0,2.0,0.951420455
43,4,0,0,1,0.8,22.52,1416.0,6840,113,0.0,0,0,57.0,1.000230409
38,0,0,5,9,0.5,29.12,970.0,10440,30,0.0,0,0,58.0,0.500547544
18,0,0,4,3,0.75,22.52,1495.0,10350,55,0.0,0,0,57.5,0.800513307
38,0,2,5,4,0.75,4.3,1039.0,9000,0,0.0,0,0,15.0,0.670216049
31,3,0,2,11,0.7,14.89,1484.0,10260,50,0.0,0,0,57.0,0.700170388
20,3,0,1,12,0.5,15.26,1352.0,3720,23,0.0,0,0,34.0,0.5002904189999999
53,1,1,1,10,0.7,2.9,1039.0,3360,0,0.0,0,0,8.0,0.463194444
10,4,0,2,8,0.35,30.1,901.0,6960,0,0.0,0,1,58.0,0.350301724
51,1,2,0,3,0.75,3.94,1039.0,1560,0,0.0,0,0,8.0,0.945277778
51,1,0,0,2,0.75,19.87,944.0,6600,45,0.0,0,0,55.0,0.75024303
50,3,0,5,11,0.5,14.89,917.0,9900,30,0.0,0,0,55.0,0.500025069
5,3,1,5,12,0.8,5.13,1039.0,2160,0,0.0,0,0,9.0,0.609583333
54,3,2,3,11,0.7,4.15,1039.0,2700,0,0.0,0,0,9.0,0.470769231
36,4,0,0,2,0.8,28.08,749.0,10350,63,0.0,0,0,57.5,0.800594466
11,3,0,0,1,0.8,48.68,171.0,10620,63,0.0,0,0,59.0,0.8001171029999999
22,4,0,4,10,0.8,28.08,762.0,10530,38,0.0,0,0,58.5,0.8
29,0,0,0,9,0.75,18.79,841.0,6240,45,0.0,0,1,52.0,0.750395513
0,2,0,0,10,0.8,22.52,1116.0,6720,93,0.0,0,0,56.0,0.920236905
5,3,0,5,6,0.75,18.79,899.0,3960,56,0.0,0,0,33.0,0.75065101
1,1,1,2,12,0.8,4.6,1039.0,3780,0,0.0,0,0,9.0,0.607654321
24,3,1,3,6,0.8,2.9,1039.0,1440,0,0.0,0,0,12.0,0.936861111
36,4,0,0,12,0.8,11.61,893.0,4710,50,0.0,0,0,31.5,0.800346445
12,1,0,5,5,0.7,30.1,557.0,6960,0,0.0,0,0,58.0,0.562212644
58,1,1,0,6,0.75,2.9,1039.0,960,0,0.0,0,0,8.0,0.845833333
15,4,2,5,4,0.8,3.94,1039.0,12600,0,0.0,0,0,20.0,0.919905405
9,1,1,3,2,0.5,3.9,1039.0,960,0,0.0,0,0,8.0,0.5403125
46,1,0,1,1,0.8,22.52,1500.0,6900,113,0.0,0,0,57.5,1.000018551
39,1,2,2,7,0.8,3.94,1039.0,960,0,0.0,0,0,8.0,0.676666667
22,4,2,4,5,0.5,4.15,1039.0,1440,0,0.0,0,0,8.0,0.609138258
28,4,1,5,5,0.7,4.15,1039.0,240,0,0.0,0,0,2.0,0.58
54,3,0,3,1,0.65,22.94,1595.0,10260,34,0.0,0,0,57.0,0.700029771
44,0,2,0,9,0.6,3.94,1039.0,1440,0,0.0,0,0,8.0,0.261174242
22,4,0,4,5,0.6,20.79,1208.0,7980,0,0.0,0,0,57.0,0.452979626
0,2,0,0,9,0.75,29.12,1082.0,6840,81,0.0,0,0,57.0,0.850610526
22,4,0,4,12,0.8,11.61,896.0,5670,50,0.0,0,0,31.5,0.8002467529999999
42,4,0,2,4,0.35,22.4,581.0,7350,0,0.0,0,0,51.5,0.35063299
35,0,0,3,5,0.6,20.79,1045.0,6960,88,0.0,0,0,58.0,0.800534483
58,1,0,0,11,0.75,10.05,677.0,3240,45,0.0,0,0,27.0,0.750027778
16,1,2,3,8,0.8,2.9,1039.0,1440,0,0.0,0,0,8.0,0.681060606
54,3,0,3,2,0.7,22.94,1422.0,10500,60,0.0,0,0,57.0,0.800415742
41,1,0,4,7,0.7,24.26,1400.0,6720,0,0.0,0,0,56.0,0.411553571
33,1,0,3,1,0.8,22.52,1532.0,6900,88,0.0,0,0,57.5,0.900147246
18,0,2,4,5,0.7,4.15,1039.0,3060,0,0.0,0,0,17.0,0.973796791
24,3,0,3,9,0.7,18.79,1587.0,4560,30,0.0,0,1,51.0,0.70009573
25,1,2,2,6,0.6,2.9,1039.0,1200,0,0.0,0,0,10.0,0.280333333
24,3,0,3,7,0.75,30.1,553.0,2280,45,0.0,0,1,59.0,0.75053268
11,3,0,0,12,0.8,11.61,1039.0,5670,63,0.0,0,0,31.5,0.8002467529999999
9,1,1,3,1,0.7,3.94,1039.0,960,0,0.0,0,0,8.0,0.8068791670000001
57,0,1,3,12,0.8,4.6,1039.0,1800,0,0.0,0,0,15.0,0.8995555559999999
6,3,0,4,9,0.5,18.79,1688.0,5280,0,0.0,0,1,54.0,0.283054487
23,4,0,4,11,0.75,10.05,629.0,3240,45,0.0,0,0,27.0,0.750027778
31,3,0,2,5,0.65,20.4,1255.0,8280,35,0.0,0,0,58.0,0.650066445
10,4,0,2,2,0.8,22.52,1413.0,360,70,0.0,0,0,57.0,0.900477825
58,1,1,0,4,0.8,4.3,1039.0,960,0,0.0,0,0,8.0,0.4479166670000001
45,0,0,2,1,0.7,22.94,1745.0,10440,60,0.0,0,0,58.0,0.8000235109999999
8,1,2,1,8,0.8,2.9,1039.0,1440,0,0.0,0,0,8.0,0.681060606
45,0,0,2,2,0.75,22.94,1764.0,10260,55,0.0,0,0,57.0,0.800034024
21,4,1,3,9,0.8,3.94,1039.0,960,0,0.0,0,0,8.0,0.54175
42,4,0,2,2,0.8,28.08,737.0,10530,63,0.0,0,0,58.5,0.8
8,1,0,1,3,0.8,19.87,963.0,9900,50,0.0,0,0,55.0,0.8002738290000001
18,0,0,4,12,0.7,15.26,1296.0,6120,40,0.0,0,0,34.0,0.70043672
47,4,1,1,8,0.65,3.9,1039.0,960,0,0.0,0,0,8.0,0.560625
34,3,0,2,3,0.65,30.1,1263.0,600,63,0.0,0,1,58.0,0.802243319
53,1,1,1,12,0.8,4.6,1039.0,3780,0,0.0,0,0,9.0,0.636049383
27,4,0,4,2,0.7,16.1,928.0,4800,30,0.0,0,1,45.0,0.700106061
15,4,2,5,8,0.8,2.9,1039.0,1440,0,0.0,0,0,8.0,0.735984848
1,1,0,2,10,0.7,21.82,1511.0,3600,30,0.0,0,0,51.0,0.70013604
29,0,0,0,7,0.8,30.1,644.0,840,38,0.0,0,1,59.0,0.7999828529999999
9,1,1,3,5,0.7,4.6,1039.0,960,0,0.0,0,0,8.0,0.5920833329999999
43,4,0,0,12,0.8,15.26,942.0,4080,63,0.0,0,0,34.0,0.8004019609999999
13,4,0,1,6,0.75,18.79,640.0,2400,0,0.0,0,0,34.0,0.750797009
23,4,0,4,2,0.8,22.52,1233.0,6900,113,0.0,0,0,57.5,1.000018551
40,4,0,3,4,0.6,22.4,816.0,5100,23,0.0,0,0,57.0,0.6003696860000001
21,4,1,3,4,0.7,4.15,1039.0,1800,0,0.0,0,0,15.0,1.033155556
0,2,0,0,11,0.65,20.1,1417.0,6480,49,0.0,0,0,54.0,0.650148148
50,3,0,5,6,0.8,11.61,1084.0,4950,38,0.0,0,0,31.5,0.80003139
39,1,2,2,4,0.8,3.94,1039.0,3840,0,0.0,0,0,16.0,0.893663194
53,1,1,1,8,0.75,4.6,1039.0,3360,0,0.0,0,0,8.0,0.702777778
41,1,2,4,1,0.75,3.94,1039.0,2280,0,0.0,0,0,19.0,0.950438596
6,3,0,4,2,0.8,22.52,12.0,6900,0,0.0,0,0,57.5,0.432122899
48,1,1,0,8,0.8,4.6,1039.0,3600,0,0.0,0,0,15.0,0.5907407410000001
30,0,1,4,7,0.7,5.13,1039.0,960,0,0.0,0,0,8.0,0.283958333
16,1,0,3,12,0.8,11.61,1120.0,5670,50,0.0,0,0,31.5,0.8002467529999999
0,2,2,0,5,0.7,3.94,1039.0,240,0,0.0,0,0,2.0,0.971866667
6,3,1,4,11,0.6,2.9,1039.0,1200,0,0.0,0,0,10.0,0.715333333
41,1,0,4,12,0.75,15.26,1276.0,1440,45,0.0,0,0,35.0,0.750450658
57,0,0,3,4,0.8,30.1,323.0,4080,50,0.0,0,1,59.0,0.800808642
14,1,0,4,11,0.8,11.61,347.0,0,50,4.0,20,0,57.0,0.6824330359999999
22,4,2,4,9,0.8,3.94,1039.0,1440,0,0.0,0,0,8.0,0.8581439390000001
6,3,0,4,1,0.8,22.52,1420.0,6840,113,0.0,0,0,57.0,1.000230409
32,0,0,1,8,0.7,29.4,1079.0,4560,40,0.0,0,2,58.0,0.7005185190000001
47,4,1,1,11,0.8,2.9,1039.0,960,0,0.0,0,0,8.0,0.758229167
24,3,0,3,10,0.7,19.68,1119.0,5640,0,8.0,35,1,47.0,0.303574468
45,0,0,2,11,0.35,28.08,749.0,10260,23,0.0,0,0,57.0,0.350066986
0,2,2,0,4,0.8,3.94,1039.0,1200,0,0.0,0,0,10.0,0.971866667
8,1,0,1,4,0.8,28.08,925.0,10350,50,0.0,0,0,57.5,0.800594466
4,2,0,5,3,0.8,22.52,1287.0,6840,100,0.0,0,0,57.0,0.950185965
5,3,0,5,7,0.75,30.1,444.0,0,0,5.0,20,1,59.0,0.611140537
17,3,0,4,11,0.65,14.89,1140.0,10260,44,0.0,0,0,57.0,0.650299575
34,3,0,2,6,0.75,18.79,895.0,3960,0,0.0,0,0,33.0,0.75065101
0,2,0,0,3,0.8,22.52,1136.0,6960,113,0.0,0,0,58.0,1.000457471
43,4,1,0,8,0.7,4.15,1039.0,960,0,0.0,0,0,8.0,0.725625
36,4,0,0,7,0.8,25.9,970.0,10170,60,0.0,0,0,56.5,0.850136766
16,1,0,3,6,0.8,11.41,986.0,5490,50,0.0,0,0,30.5,0.8003437659999999
0,2,2,0,6,0.6,3.94,1039.0,1200,0,0.0,0,0,10.0,0.971866667
19,0,2,1,2,0.75,3.94,1039.0,1200,0,0.0,0,0,10.0,0.7879999999999999
48,1,0,0,12,0.8,15.26,986.0,4080,75,0.0,0,0,34.0,0.850520588
45,0,0,2,4,0.8,22.52,1016.0,10170,60,0.0,0,0,56.5,0.850312684
30,0,1,4,1,0.8,3.94,1039.0,2880,0,0.0,0,0,12.0,0.727349537
27,4,0,4,11,0.8,11.41,313.0,3420,50,0.0,0,0,58.0,0.800034503
3,4,1,3,8,0.7,3.9,1039.0,960,0,0.0,0,0,8.0,0.625625
51,1,2,0,1,0.8,3.94,1039.0,960,0,0.0,0,0,8.0,0.902916667
51,1,0,0,6,0.8,25.9,1152.0,6720,50,0.0,0,0,56.0,0.800125
7,4,2,1,5,0.65,4.15,1039.0,1440,0,0.0,0,0,8.0,0.8213541670000001
56,1,0,5,8,0.8,26.16,1108.0,7080,98,0.0,0,0,59.0,0.940725424
46,1,2,1,8,0.7,4.15,1039.0,960,0,0.0,0,0,8.0,0.976979167
30,0,0,4,2,0.7,30.33,746.0,6840,0,0.0,0,1,57.0,0.7006052629999999
21,4,0,3,2,0.8,22.52,1557.0,0,90,0.0,0,0,57.5,1.000344928
18,0,0,4,8,0.5,15.09,1557.0,720,23,0.0,0,0,52.0,0.500061916
29,0,1,0,10,0.7,2.9,1039.0,3360,0,0.0,0,0,8.0,0.410833333
12,1,1,5,6,0.7,2.9,1039.0,960,0,0.0,0,0,8.0,0.9425
34,3,0,2,4,0.75,30.1,912.0,7020,0,0.0,0,1,58.0,0.750356125
16,1,0,3,4,0.8,28.08,990.0,10350,50,0.0,0,0,57.5,0.800594466
4,2,0,5,1,0.75,22.94,1579.0,6960,81,0.0,0,0,58.0,0.8503620690000001
51,1,0,0,10,0.75,19.31,610.0,6480,56,0.0,0,0,54.0,0.787299691
14,1,0,4,3,0.75,29.4,1143.0,6840,45,0.0,0,0,57.0,0.750473684
26,0,1,5,2,0.7,3.9,1039.0,960,0,0.0,0,0,8.0,0.5565625
37,3,1,1,6,0.8,2.9,1039.0,960,0,0.0,0,0,8.0,0.749166667
51,1,2,0,8,0.8,2.9,1039.0,960,0,0.0,0,0,8.0,0.6283333329999999
51,1,0,0,1,0.8,28.08,772.0,6300,50,0.0,0,0,56.5,0.800725314
3,4,0,3,4,0.75,26.82,1054.0,7080,45,0.0,0,0,59.0,0.750050847
42,4,0,2,9,0.8,26.16,1093.0,10620,75,0.0,0,0,59.0,0.850502311
42,4,0,2,6,0.8,11.41,843.0,5670,50,0.0,0,0,31.5,0.800181818
34,3,1,2,9,0.8,3.94,1039.0,1200,0,0.0,0,0,10.0,0.960433333
14,1,1,4,2,0.7,3.9,1039.0,960,0,0.0,0,0,8.0,0.585
22,4,0,4,6,0.8,11.41,887.0,5490,50,0.0,0,0,30.5,0.8003437659999999
40,4,2,3,2,0.8,3.94,1039.0,1260,0,0.0,0,0,8.0,0.247316017
47,4,0,1,4,0.75,26.82,1104.0,5880,65,0.0,0,0,59.0,0.850084211
44,0,0,0,7,0.65,22.52,1295.0,10170,26,0.0,0,0,56.5,0.650416734
50,3,0,5,1,0.8,26.16,1160.0,10620,75,0.0,0,0,59.0,0.850502311
30,0,0,4,10,0.7,21.25,1531.0,6000,0,0.0,0,1,50.0,0.456875
43,4,0,0,11,0.6,11.41,1039.0,2280,23,0.0,0,2,55.0,0.600447507
21,4,0,3,6,0.8,18.79,656.0,3480,38,0.0,0,0,34.0,0.800947475
11,3,0,0,11,0.6,14.89,1027.0,10080,38,0.0,0,0,56.0,0.6002732679999999
47,4,0,1,11,0.8,11.41,338.0,3420,50,0.0,0,0,58.0,0.800034503
55,1,0,5,9,0.75,18.79,1228.0,6240,45,0.0,0,0,52.0,0.750395513
58,1,0,0,5,0.7,30.1,687.0,7500,0,0.0,0,0,59.0,0.545657673
30,0,1,4,9,0.8,3.94,1039.0,2400,0,0.0,0,0,10.0,0.753525
23,4,1,4,1,0.8,3.94,1039.0,1200,0,0.0,0,0,10.0,0.893066667
52,4,0,2,1,0.75,26.82,1322.0,7140,65,0.0,0,0,59.0,0.8504268909999999
2,0,0,2,5,0.8,30.1,541.0,7140,38,0.0,0,0,59.0,0.800137255
9,1,0,3,11,0.8,11.41,433.0,0,38,0.0,0,0,56.0,0.8007017540000001
16,1,2,3,9,0.8,3.94,1039.0,1440,0,0.0,0,0,8.0,0.880530303
39,1,0,2,11,0.8,19.31,678.0,4800,50,0.0,0,0,55.0,0.800250962
12,1,1,5,1,0.8,3.94,1039.0,1440,0,0.0,0,0,12.0,0.845458333
7,4,0,1,11,0.7,27.13,530.0,9540,37,0.0,0,0,53.0,0.582301029
20,3,0,1,5,0.7,20.4,1352.0,10260,50,0.0,0,0,57.0,0.7000637959999999
28,4,0,5,9,0.8,29.12,14.0,6960,0,0.0,0,0,58.0,0.497885057
29,0,0,0,12,0.8,15.26,1194.0,1700,62,0.0,0,0,34.0,0.800260821
44,0,0,0,1,0.7,22.94,1472.0,10260,75,0.0,0,0,57.0,0.800643806
48,1,0,0,2,0.65,16.1,626.0,4200,0,0.0,0,1,45.0,0.65024031
0,2,2,0,2,0.8,3.94,1039.0,1200,0,0.0,0,0,10.0,0.971866667
4,2,0,5,9,0.7,29.12,1170.0,6960,53,0.0,0,0,58.0,0.850170115
5,3,0,5,10,0.7,19.68,1410.0,5760,0,0.0,0,1,48.0,0.249416667
49,1,0,4,1,0.8,26.16,1033.0,7080,63,0.0,0,0,59.0,0.8003186440000001
52,4,0,2,11,0.8,11.41,357.0,3420,50,0.0,0,0,58.0,0.800034503
38,0,0,5,12,0.6,15.26,1492.0,6960,23,0.0,0,0,34.0,0.600436426
17,3,0,4,6,0.8,11.41,1140.0,5490,63,0.0,0,0,30.5,0.8003437659999999
22,4,2,4,2,0.8,3.94,1039.0,1440,0,0.0,0,0,8.0,0.8208333329999999
42,4,0,2,8,0.8,25.9,1233.0,10170,60,0.0,0,0,56.5,0.850136766
23,4,1,4,6,0.75,2.9,1039.0,960,0,0.0,0,0,8.0,0.610208333
53,1,0,1,8,0.75,29.4,534.0,6840,56,0.0,0,0,57.0,0.750473684
32,0,0,1,9,0.7,18.79,1068.0,3000,30,0.0,0,1,52.0,0.700256795
7,4,2,1,8,0.8,2.9,1039.0,1440,0,0.0,0,0,8.0,0.681060606
28,4,0,5,1,0.8,22.52,1397.0,0,138,0.0,0,0,57.0,1.100483918
45,0,0,2,5,0.75,20.4,1118.0,10320,56,0.0,0,0,58.0,0.750031447
52,4,1,2,10,0.7,2.9,1039.0,0,960,0.0,0,0,8.0,0.477291667
55,1,0,5,1,0.7,26.82,1373.0,6960,50,0.0,0,0,58.0,0.750651724
13,4,0,1,11,0.8,10.05,13.0,3240,34,0.0,0,0,54.0,0.750648148
55,1,0,5,5,0.7,27.48,230.0,6960,40,0.0,0,0,58.0,0.7004241379999999
39,1,2,2,10,0.75,2.9,1039.0,960,0,0.0,0,0,8.0,0.763375
29,0,1,0,1,0.5,3.94,1039.0,3360,0,0.0,0,0,8.0,0.768847222
11,3,0,0,5,0.7,41.19,1052.0,10440,21,0.0,0,0,58.0,0.452012539
29,0,1,0,12,0.8,4.6,1039.0,3780,0,0.0,0,0,9.0,0.590617284
24,3,1,3,9,0.8,3.94,1039.0,960,0,0.0,0,0,8.0,0.549791667
21,4,1,3,2,0.8,3.94,1039.0,2160,0,0.0,0,0,18.0,0.912037037
16,1,2,3,5,0.7,4.15,1039.0,1440,0,0.0,0,0,8.0,0.330113636
10,4,1,2,9,0.8,3.94,1039.0,960,0,0.0,0,0,8.0,0.697708333
9,1,0,3,9,0.75,18.79,1206.0,6240,34,0.0,0,0,52.0,0.750395513
41,1,0,4,4,0.8,22.52,1472.0,7020,60,0.0,0,0,58.5,0.85011396
29,0,1,0,9,0.75,2.9,1039.0,960,0,0.0,0,0,8.0,0.4078125
9,1,0,3,7,0.8,30.1,874.0,3960,50,0.0,0,0,59.0,0.8000557620000001
33,1,0,3,9,0.8,22.52,1086.0,6960,50,0.0,0,0,58.0,0.7999632179999999
43,4,0,0,7,0.7,30.1,957.0,7200,0,0.0,0,1,60.0,0.602
27,4,1,4,6,0.6,2.9,1039.0,960,0,0.0,0,0,8.0,0.271875
51,1,2,0,11,0.75,2.9,1039.0,5640,0,0.0,0,0,17.0,0.987880435
37,3,1,1,3,0.5,5.13,1039.0,1800,0,0.0,0,0,15.0,0.7866
48,1,0,0,3,0.8,29.4,983.0,6840,63,0.0,0,1,57.0,0.800578947
0,2,0,0,7,0.7,23.54,1109.0,6720,0,0.0,0,0,56.0,0.388830357
50,3,0,5,2,0.5,22.94,1044.0,9810,23,0.0,0,0,54.5,0.499998888
25,1,0,2,7,0.7,24.26,2698.0,6720,0,0.0,0,0,56.0,0.295307738
34,3,0,2,7,0.7,30.1,784.0,600,30,0.0,0,1,59.0,0.7004598890000001
24,3,0,3,4,0.8,30.1,864.0,480,50,0.0,0,1,58.0,0.800980392
40,4,2,3,10,0.8,3.94,1039.0,1260,0,0.0,0,0,8.0,0.332359307
13,4,0,1,3,0.8,22.52,813.0,0,88,0.0,0,0,57.0,0.90047076
44,0,2,0,11,0.75,4.15,1039.0,1800,0,0.0,0,0,10.0,0.8960227270000001
3,4,0,3,7,0.65,30.48,935.0,6840,26,0.0,0,1,57.0,0.650596491
42,4,0,2,11,0.65,12.52,1004.0,9540,44,0.0,0,0,53.0,0.64998056
57,0,1,3,5,0.8,4.6,1039.0,1080,0,0.0,0,0,9.0,0.902962963
8,1,0,1,9,0.8,26.16,1305.0,10620,75,0.0,0,0,59.0,0.850502311
44,0,0,0,6,0.8,11.61,1009.0,5640,63,0.0,0,0,32.0,0.800537143
28,4,0,5,4,0.7,30.1,419.0,7080,0,0.0,0,1,59.0,0.637711864
22,4,0,4,4,0.8,50.48,562.0,10440,0,0.0,0,0,58.0,0.473134796
6,3,1,4,2,0.8,3.94,1039.0,960,0,0.0,0,0,8.0,1.108125
2,0,0,2,2,0.7,30.33,577.0,2160,30,0.0,0,1,58.0,0.700623
52,4,0,2,8,0.65,30.48,953.0,6720,26,0.0,0,1,56.0,0.650421429
48,1,1,0,12,0.8,4.6,1039.0,1080,0,0.0,0,0,9.0,0.868888889
19,0,2,1,6,0.8,2.9,1039.0,960,0,0.0,0,0,8.0,0.6225
27,4,0,4,9,0.75,18.79,1239.0,5640,45,0.0,0,0,52.0,0.750371895
27,4,1,4,1,0.75,3.94,1039.0,960,0,0.0,0,0,8.0,0.890604167
51,1,0,0,12,0.8,26.16,844.0,7080,63,0.0,0,0,59.0,0.8003186440000001
7,4,0,1,8,0.8,25.9,1211.0,10260,60,0.0,0,0,57.0,0.850252525
7,4,2,1,4,0.35,4.3,1039.0,2160,0,0.0,0,0,12.0,0.952020202
40,4,0,3,12,0.8,11.61,1159.0,2970,50,0.0,0,0,31.5,0.800313433
22,4,2,4,6,0.8,2.9,1039.0,1440,0,0.0,0,0,8.0,0.597348485
29,0,1,0,5,0.8,4.6,1039.0,7560,0,0.0,0,0,18.0,0.921604938
38,0,2,5,8,0.8,2.9,1039.0,4800,0,0.0,0,0,8.0,0.397743056
28,4,0,5,5,0.75,30.1,610.0,7080,56,0.0,0,0,59.0,0.750799435
39,1,0,2,1,0.8,26.16,1138.0,7080,63,0.0,0,0,59.0,0.8003186440000001
34,3,0,2,11,0.7,11.41,680.0,2160,30,0.0,0,2,54.0,0.5659722220000001
13,4,0,1,9,0.8,29.12,1263.0,2160,38,0.0,0,0,58.0,0.8008
32,0,1,1,2,0.7,3.9,1039.0,960,0,0.0,0,0,8.0,0.325
0,2,0,0,4,0.8,22.52,1432.0,6660,88,0.0,0,0,57.5,0.9005370690000001
3,4,0,3,2,0.75,16.1,971.0,5400,45,0.0,0,1,45.0,0.7501407409999999
2,0,1,2,3,0.8,5.13,1039.0,2160,0,0.0,0,0,18.0,0.87115
53,1,0,1,5,0.7,27.48,573.0,6840,30,0.0,0,0,57.0,0.7006596490000001
29,0,0,0,8,0.75,29.4,792.0,4560,56,0.0,0,2,58.0,0.7504259259999999
5,3,0,5,4,0.8,30.1,859.0,7020,63,0.0,0,1,58.5,0.800094017
14,1,0,4,7,0.8,30.1,934.0,6960,0,3.5,15,0,58.0,0.579511494
7,4,2,1,3,0.8,4.15,1039.0,1620,0,0.0,0,0,9.0,0.901262626
7,4,2,1,11,0.8,4.15,1039.0,1440,0,0.0,0,0,8.0,0.601278409
28,4,1,5,8,0.35,4.15,1039.0,1440,0,0.0,0,0,12.0,0.755486111
6,3,1,4,5,0.75,4.15,1039.0,240,0,0.0,0,0,2.0,0.760833333
44,0,0,0,8,0.35,15.09,1448.0,9360,23,0.0,0,0,52.0,0.34998951
11,3,0,0,9,0.8,26.16,1128.0,10620,63,0.0,0,0,59.0,0.8001171029999999
38,0,0,5,1,0.7,22.94,1384.0,12180,63,0.0,0,0,57.0,0.750162367
23,4,0,4,7,0.7,24.26,148.0,6960,0,0.0,0,0,58.0,0.355534483
14,1,0,4,9,0.75,18.79,895.0,6240,34,0.0,0,0,52.0,0.750395513
54,3,2,3,8,0.8,2.9,1039.0,2400,0,0.0,0,0,8.0,0.594871795
5,3,1,5,5,0.75,5.13,1039.0,1920,0,0.0,0,0,8.0,0.631354167
4,2,0,5,11,0.6,20.1,1601.0,4320,46,0.0,0,0,51.0,0.60059761
1,1,1,2,1,0.65,3.94,1039.0,3360,0,0.0,0,0,8.0,0.537919444
26,0,1,5,5,0.8,4.6,1039.0,7560,0,0.0,0,0,18.0,0.921604938
27,4,0,4,10,0.7,21.82,1335.0,6000,30,0.0,0,0,50.0,0.700422
6,3,0,4,12,0.8,15.26,1120.0,1440,50,0.0,0,0,34.0,0.8008063059999999
14,1,0,4,12,0.8,15.26,1106.0,4080,63,0.0,0,0,34.0,0.8004019609999999
25,1,0,2,3,0.8,22.52,21266.0,6840,70,0.0,0,0,57.0,0.90014152
32,0,1,1,8,0.7,4.6,1039.0,960,0,0.0,0,0,8.0,0.791458333
32,0,0,1,6,0.75,18.79,913.0,3360,45,0.0,0,0,33.0,0.75065101
33,1,0,3,12,0.8,15.26,1094.0,4080,38,0.0,0,0,34.0,0.8004019609999999
31,3,0,2,1,0.5,22.94,1492.0,10170,30,0.0,0,0,56.5,0.549969429
14,1,0,4,6,0.75,18.79,1193.0,3960,45,0.0,0,0,33.0,0.75065101
3,4,0,3,6,0.7,23.41,1128.0,4560,40,0.0,0,1,38.0,0.7002464909999999
16,1,2,3,1,0.8,3.94,1039.0,1440,0,0.0,0,0,8.0,0.951420455
15,4,0,5,9,0.8,26.16,1216.0,10620,88,0.0,0,0,59.0,0.9002157159999999
9,1,0,3,3,0.8,29.4,1169.0,6840,63,0.0,0,0,57.0,0.800333333
30,0,1,4,6,0.8,2.9,1039.0,960,0,0.0,0,0,8.0,0.8319375
25,1,0,2,2,0.8,22.52,21385.0,7020,88,0.0,0,0,58.5,0.900158405
3,4,0,3,1,0.75,26.82,1322.0,7080,45,0.0,0,0,59.0,0.750050847
3,4,0,3,9,0.75,18.79,290.0,5040,45,0.0,0,0,52.0,0.750347333
40,4,2,3,1,0.8,3.94,1039.0,1440,0,0.0,0,0,8.0,0.891723485
5,3,0,5,12,0.8,15.26,1126.0,1080,38,0.0,0,0,34.0,0.8007114940000001
26,0,0,5,6,0.75,18.79,912.0,3960,45,0.0,0,0,33.0,0.75065101
30,0,0,4,12,0.8,15.26,1103.0,4080,63,0.0,0,0,34.0,0.8004019609999999
56,1,2,5,2,0.75,3.94,1039.0,960,0,0.0,0,0,8.0,0.755166667
57,0,0,3,12,0.8,15.26,1053.0,4080,50,0.0,0,0,34.0,0.8004019609999999
44,0,0,0,10,0.75,22.52,1332.0,10080,69,0.0,0,0,56.0,0.80062987
7,4,0,1,9,0.8,26.16,1156.0,10620,75,0.0,0,0,59.0,0.850502311
41,1,2,4,10,0.8,3.94,1039.0,1200,0,0.0,0,0,10.0,0.8865
57,0,1,3,7,0.75,4.6,1039.0,960,0,0.0,0,0,8.0,0.676666667
57,0,1,3,8,0.7,4.6,1039.0,960,0,0.0,0,0,8.0,0.658541667
2,0,0,2,6,0.75,18.79,1100.0,3960,45,0.0,0,0,33.0,0.75065101
39,1,2,2,1,0.8,3.94,1039.0,1920,0,0.0,0,0,8.0,0.961059028
0,2,2,0,12,0.75,4.08,1039.0,1080,0,0.0,0,0,9.0,0.971866667
45,0,0,2,3,0.75,22.52,1584.0,10260,69,0.0,0,0,57.0,0.80035194
39,1,2,2,11,0.8,3.94,1039.0,2400,0,0.0,0,0,10.0,0.939513889
51,1,0,0,9,0.7,28.08,1072.0,6900,40,0.0,0,0,57.5,0.699965217
58,1,1,0,1,0.8,3.94,1039.0,1200,0,0.0,0,0,10.0,0.870083333
48,1,1,0,11,0.8,2.9,1039.0,960,0,0.0,0,0,8.0,0.657083333
58,1,0,0,10,0.8,22.52,1142.0,6720,88,0.0,0,0,56.0,0.900129762
12,1,1,5,7,0.7,3.94,1039.0,1200,0,0.0,0,0,10.0,0.8471
1,1,1,2,3,0.8,4.6,1039.0,10080,0,0.0,0,0,24.0,0.86037037
36,4,0,0,11,0.5,12.52,749.0,9540,38,0.0,0,0,53.0,0.673245283
12,1,0,5,2,0.8,22.52,1300.0,6780,113,0.0,0,0,56.5,1.000446018
53,1,0,1,1,0.7,26.66,1562.0,6960,60,0.0,0,0,58.0,0.8005660920000001
54,3,0,3,4,0.75,22.52,825.0,10080,94,0.0,0,0,56.0,0.9005562770000001
41,1,0,4,10,0.8,22.52,1282.0,6720,75,0.0,0,0,56.0,0.850532143
9,1,0,3,2,0.5,15.28,261.0,5520,0,0.0,0,1,46.0,0.404144928
44,0,2,0,7,0.65,3.94,1039.0,2160,0,0.0,0,0,12.0,0.8705808079999999
52,4,1,2,5,0.6,3.94,1039.0,0,2880,0.0,0,0,12.0,0.8643425929999999
33,1,1,3,2,0.8,3.94,1039.0,2160,0,0.0,0,0,18.0,0.966759259
56,1,0,5,5,0.8,11.41,668.0,3660,50,0.0,0,0,30.5,0.7070459020000001
47,4,0,1,12,0.8,15.26,1069.0,4080,63,0.0,0,0,34.0,0.8004019609999999
14,1,1,4,8,0.75,4.6,1039.0,3360,0,0.0,0,0,8.0,0.8136111109999999
45,0,2,2,4,0.75,4.3,1039.0,2160,0,0.0,0,0,12.0,0.963699495
11,3,0,0,8,0.8,25.9,1292.0,10170,50,0.0,0,0,56.5,0.800128721
15,4,2,5,7,0.8,2.9,1039.0,1440,0,0.0,0,0,8.0,0.681060606
1,1,0,2,6,0.75,18.79,947.0,2880,34,0.0,0,0,33.0,0.750797009
46,1,0,1,6,0.7,18.79,913.0,4020,30,0.0,0,0,33.5,0.700184577
44,0,2,0,1,0.7,3.94,1039.0,1440,0,0.0,0,0,8.0,0.578314394
9,1,0,3,10,0.7,21.82,1334.0,5760,30,0.0,0,0,53.0,0.700058333
53,1,0,1,11,0.8,11.41,601.0,0,50,0.0,0,0,56.0,0.8007017540000001
35,0,0,3,2,0.8,22.52,1559.0,6840,90,0.0,0,0,57.0,1.000230409
14,1,0,4,1,0.6,26.66,1578.0,6840,38,0.0,0,0,57.0,0.700019883
55,1,0,5,12,0.8,15.26,959.0,4080,50,0.0,0,0,34.0,0.8004019609999999
51,1,0,0,3,0.8,28.08,913.0,6540,50,0.0,0,0,54.5,0.8003229359999999
46,1,0,1,12,0.8,15.26,1029.0,2040,50,0.0,0,0,35.0,0.800259023
10,4,1,2,1,0.8,3.94,1039.0,1200,0,0.0,0,0,10.0,0.962016667
39,1,2,2,8,0.8,2.9,1039.0,960,0,0.0,0,0,8.0,0.6645833329999999
54,3,0,3,5,0.7,20.4,1404.0,10440,50,0.0,0,0,58.0,0.750344828
15,4,0,5,8,0.8,25.9,1026.0,10170,60,0.0,0,0,56.5,0.850136766
56,1,2,5,1,0.75,3.94,1039.0,960,0,0.0,0,0,8.0,0.8865
11,3,0,0,10,0.65,22.52,1163.0,9720,35,0.0,0,0,54.0,0.650198653
51,1,2,0,4,0.8,4.15,1039.0,6600,0,0.0,0,0,20.0,0.988024691
51,1,0,0,5,0.8,11.61,659.0,7080,50,0.0,0,0,31.5,0.800148649
31,3,2,2,10,0.7,3.94,1039.0,1440,0,0.0,0,0,8.0,0.538399621
2,0,1,2,12,0.8,5.13,1039.0,1080,0,0.0,0,0,9.0,0.9025
5,3,1,5,10,0.8,3.94,1039.0,2400,0,0.0,0,0,10.0,0.7332777779999999
4,2,0,5,4,0.8,22.52,1444.0,6900,88,0.0,0,0,57.5,0.9008
53,1,0,1,6,0.75,20.2,402.0,3120,45,0.0,0,0,33.0,0.750212553
3,4,1,3,1,0.75,3.94,1039.0,1920,0,0.0,0,0,8.0,0.812625
46,1,2,1,1,0.8,3.94,1039.0,1200,0,0.0,0,0,10.0,0.99485
20,3,0,1,7,0.35,22.94,1450.0,10080,30,0.0,0,0,56.0,0.4003327920000001
8,1,2,1,4,0.8,3.94,1039.0,4440,0,0.0,0,0,18.0,0.966781346
30,0,1,4,10,0.8,3.94,1039.0,960,0,0.0,0,0,8.0,0.385791667
37,3,0,1,1,0.8,22.52,1445.0,6840,113,0.0,0,0,57.0,1.000230409
2,0,0,2,3,0.7,29.4,1228.0,6960,30,0.0,0,2,58.0,0.7003620690000001
35,0,2,3,7,0.6,3.94,1039.0,960,0,0.0,0,0,8.0,0.406354167
31,3,2,2,8,0.8,2.9,1039.0,1440,0,0.0,0,0,8.0,0.683806818
49,1,2,4,10,0.7,3.94,1039.0,4320,0,0.0,0,0,18.0,0.759228395
4,2,0,5,5,0.65,20.79,1015.0,7080,81,0.0,0,0,59.0,0.800473729
34,3,0,2,5,0.8,30.1,461.0,0,0,0.0,0,0,59.0,0.800980392
22,4,2,4,1,0.8,3.94,1039.0,1440,0,0.0,0,0,8.0,0.873068182
32,0,1,1,6,0.75,2.9,1039.0,1800,0,0.0,0,0,15.0,0.726933333
18,0,2,4,8,0.8,2.9,1039.0,720,0,0.0,0,0,4.0,0.329545455
35,0,0,3,9,0.7,29.12,1340.0,6960,63,0.0,0,0,58.0,0.7505931029999999
6,3,1,4,12,0.8,4.08,1039.0,1080,0,0.0,0,0,9.0,0.8764444440000001
57,0,0,3,2,0.7,30.33,361.0,3960,30,0.0,0,1,58.0,0.700069811
25,1,0,2,9,0.75,29.12,8992.0,6960,55,0.0,0,0,58.0,0.7999632179999999
18,0,2,4,3,0.75,3.94,1039.0,1620,0,0.0,0,0,9.0,0.961784512
47,4,1,1,3,0.8,4.6,1039.0,1440,0,0.0,0,0,12.0,0.894444444
5,3,0,5,9,0.7,18.79,1603.0,6120,30,0.0,0,1,51.0,0.638614379
33,1,0,3,5,0.65,30.1,326.0,5820,0,90.0,10,0,58.5,0.6508348079999999
19,0,2,1,7,0.5,4.15,1039.0,960,0,0.0,0,0,8.0,0.8035416670000001
47,4,0,1,2,0.7,16.1,957.0,5400,40,0.0,0,1,45.0,0.700051852
30,0,1,4,2,0.8,5.13,1039.0,4800,0,0.0,0,0,20.0,0.8300625
38,0,2,5,6,0.8,2.9,1039.0,4800,0,0.0,0,0,8.0,0.626822917
18,0,0,4,2,0.75,22.94,1636.0,10530,81,0.0,0,0,58.5,0.850223776
41,1,0,4,1,0.8,22.94,1582.0,3060,113,0.0,0,0,58.5,1.000402055
36,4,2,0,3,0.75,4.15,1039.0,2760,0,0.0,0,0,12.0,0.930340376
4,2,2,5,3,0.8,3.94,1039.0,960,0,0.0,0,0,8.0,0.4925
2,0,1,2,8,0.7,5.13,1039.0,960,0,0.0,0,0,8.0,0.930416667
7,4,2,1,10,0.8,3.94,1039.0,5400,0,0.0,0,0,20.0,0.912766667
43,4,1,0,4,0.75,4.15,1039.0,2400,0,0.0,0,0,20.0,0.902916667
28,4,0,5,10,0.8,22.52,10.0,6000,0,0.0,0,0,50.0,0.441392
3,4,1,3,4,0.75,3.94,1039.0,1920,0,0.0,0,0,8.0,0.8133090279999999
35,0,0,3,6,0.35,18.79,511.0,1800,23,0.0,0,0,32.0,0.437995338
58,1,0,0,1,0.8,22.52,1534.0,6780,88,0.0,0,0,57.0,0.900135693
19,0,2,1,8,0.65,3.94,1039.0,960,0,0.0,0,0,8.0,0.845458333
26,0,0,5,7,0.8,30.1,694.0,4080,50,0.0,0,1,59.0,0.800808642
15,4,2,5,3,0.75,4.15,1039.0,2160,0,0.0,0,0,12.0,0.712626263
15,4,2,5,1,0.8,3.94,1039.0,1440,0,0.0,0,0,8.0,0.947689394
36,4,0,0,9,0.8,26.16,1122.0,10620,75,0.0,0,0,59.0,0.8511741140000001
40,4,2,3,11,0.8,4.15,1039.0,1980,0,0.0,0,0,7.0,0.934607438
43,4,1,0,12,0.8,4.08,1039.0,1080,0,0.0,0,0,9.0,0.8008888890000001
46,1,0,1,11,0.7,25.31,946.0,5760,60,0.0,0,0,54.0,0.7005135659999999
12,1,1,5,10,0.8,3.94,1039.0,960,0,0.0,0,0,8.0,0.7715833329999999
57,0,1,3,3,0.8,4.6,1039.0,2400,0,0.0,0,0,20.0,0.900833333
24,3,0,3,1,0.8,22.52,1374.0,3960,63,0.0,0,0,57.0,0.800279693
0,2,0,0,1,0.75,22.94,1502.0,6960,81,0.0,0,0,58.0,0.8503620690000001
29,0,0,0,10,0.7,21.82,1448.0,6120,40,0.0,0,1,51.0,0.700236601
56,1,2,5,8,0.75,2.9,1039.0,960,0,0.0,0,0,8.0,0.676666667
43,4,0,0,8,0.7,30.1,824.0,5160,0,0.0,0,1,60.0,0.700206125
40,4,2,3,3,0.8,4.15,1039.0,1440,0,0.0,0,0,7.0,0.8208333329999999
30,0,0,4,6,0.75,18.79,1055.0,3960,45,0.0,0,0,33.0,0.75065101
25,1,0,2,6,0.7,18.79,2984.0,3960,30,0.0,0,0,33.0,0.700354545
16,1,0,3,8,0.8,25.9,1135.0,10170,60,0.0,0,0,56.5,0.850136766
38,0,2,5,1,0.7,3.94,1039.0,15000,0,0.0,0,0,25.0,0.649662222
14,1,0,4,4,0.6,26.66,692.0,6840,23,0.0,0,0,57.0,0.6002397660000001
20,3,2,1,5,0.7,4.15,1039.0,1440,0,0.0,0,0,8.0,1.033570076
20,3,0,1,8,0.8,25.9,1434.0,10170,50,0.0,0,0,56.5,0.800128721
14,1,0,4,2,0.7,30.33,254.0,1800,0,0.0,0,0,58.0,0.683550607
33,1,1,3,8,0.7,4.15,1039.0,3000,0,0.0,0,0,25.0,0.915766667
49,1,2,4,4,0.8,3.94,1039.0,6600,0,0.0,0,0,20.0,0.8616790120000001
57,0,0,3,3,0.75,29.4,1283.0,6960,45,0.0,0,2,58.0,0.750206897
37,3,0,1,8,0.6,29.4,179.0,0,23,5.0,30,2,58.0,0.600982906
33,1,0,3,10,0.8,22.52,1108.0,6720,113,0.0,0,0,56.0,0.999995238
44,0,0,0,3,0.75,22.52,1266.0,10260,69,0.0,0,0,57.0,0.80035194
28,4,0,5,11,0.5,11.41,1039.0,2280,0,0.0,0,2,55.0,0.50012336
42,4,2,2,10,0.8,3.94,1039.0,1440,0,0.0,0,0,8.0,0.24625
4,2,2,5,10,0.8,3.94,1039.0,1200,0,0.0,0,0,10.0,0.85695
31,3,2,2,12,0.8,2.9,1039.0,1440,0,0.0,0,0,8.0,0.793844697
35,0,0,3,12,0.75,15.26,1429.0,3600,45,0.0,0,0,35.0,0.7502833329999999
36,4,0,0,5,0.5,20.79,966.0,7680,0,0.0,0,0,56.0,0.388007813
15,4,0,5,3,0.8,19.87,857.0,9900,50,0.0,0,0,55.0,0.8002738290000001
2,0,1,2,2,0.8,5.13,1039.0,960,0,0.0,0,0,8.0,0.36871875
18,0,0,4,4,0.75,22.52,867.0,10260,94,0.0,0,0,57.0,0.9003211059999999
7,4,2,1,9,0.8,3.94,1039.0,1440,0,0.0,0,0,8.0,0.8581439390000001
29,0,0,0,5,0.5,27.48,609.0,6840,30,0.0,0,1,57.0,0.550403509
45,0,0,2,8,0.6,15.09,1519.0,360,23,0.0,0,0,52.0,0.600143365
0,2,0,0,2,0.8,22.52,1397.0,6840,113,0.0,0,0,57.0,1.000230409
54,3,0,3,6,0.8,11.61,916.0,5760,75,0.0,0,0,89.0,0.850410511
14,1,0,4,5,0.6,27.48,549.0,6720,38,0.0,0,0,56.0,0.7074464290000001
43,4,0,0,5,0.75,30.1,664.0,7140,56,0.0,0,0,59.0,0.7503921570000001
42,4,2,2,4,0.35,4.3,1039.0,3240,0,0.0,0,0,18.0,0.942213805
44,0,2,0,12,0.7,4.08,1039.0,1620,0,0.0,0,0,9.0,0.8585858590000001
23,4,0,4,9,0.8,29.12,909.0,6960,50,0.0,0,0,58.0,0.7999632179999999
9,1,1,3,9,0.75,2.9,1039.0,960,0,0.0,0,0,8.0,0.83375
47,4,0,1,7,0.6,30.48,1017.0,6840,25,0.0,0,1,57.0,0.630402924
28,4,1,5,4,0.7,4.15,1039.0,1800,0,0.0,0,0,15.0,1.096633333
34,3,0,2,12,0.8,15.26,1079.0,3720,38,0.0,0,0,34.0,0.800312375
53,1,0,1,9,0.75,18.79,1096.0,6240,34,0.0,0,0,52.0,0.750395513
31,3,0,2,8,0.8,25.9,1380.0,3630,50,0.0,0,0,56.5,0.800162602
58,1,1,0,2,0.8,3.94,1039.0,3000,0,0.0,0,0,25.0,1.050666667
23,4,0,4,8,0.7,24.26,154.0,6840,0,0.0,0,0,57.0,0.353259649
14,1,1,4,4,0.6,3.94,1039.0,960,0,0.0,0,0,8.0,0.673083333
58,1,1,0,7,0.7,3.94,1039.0,1200,0,0.0,0,0,10.0,0.715766667
25,1,0,2,11,0.7,20.55,9792.0,6480,60,0.0,0,0,54.0,0.700398148
17,3,0,4,2,0.65,22.94,1025.0,10170,26,0.0,0,0,56.5,0.6502434970000001
31,3,0,2,2,0.7,22.94,1006.0,10170,38,0.0,0,0,56.5,0.750517565
2,0,1,2,9,0.8,2.9,1039.0,960,0,0.0,0,0,8.0,0.3715625
33,1,0,3,11,0.7,10.05,1042.0,6120,60,0.0,0,0,53.0,0.7002788459999999
5,3,0,5,8,0.7,29.4,1116.0,6240,0,0.0,0,2,57.0,0.7
29,0,1,0,8,0.75,4.6,1039.0,3360,0,0.0,0,0,8.0,0.376597222
18,0,0,4,9,0.65,29.12,1086.0,10440,26,0.0,0,0,58.0,0.650407524
26,0,1,5,12,0.8,4.6,1039.0,3780,0,0.0,0,0,9.0,0.590617284
21,4,0,3,10,0.8,22.52,598.0,0,75,0.0,0,0,56.0,0.850364583
50,3,2,5,4,0.35,4.3,1039.0,3600,0,0.0,0,0,20.0,0.988636364
12,1,0,5,3,0.8,22.52,1063.0,6840,100,0.0,0,0,57.0,0.950185965
45,0,2,2,2,0.75,3.94,1039.0,1800,0,0.0,0,0,10.0,0.910378788
34,3,1,2,4,0.75,4.15,1039.0,1800,0,0.0,0,0,15.0,0.722333333
11,3,2,0,1,0.8,3.94,1039.0,1440,0,0.0,0,0,8.0,0.8842613640000001
44,0,0,0,11,0.75,42.97,1282.0,10260,56,0.0,0,0,57.0,0.7500412009999999
45,0,2,2,1,0.7,3.94,1039.0,1800,0,0.0,0,0,10.0,0.910378788
12,1,0,5,4,0.5,30.1,417.0,6360,23,0.0,0,1,53.0,0.500720126
55,1,1,5,3,0.8,4.6,1039.0,1800,0,0.0,0,0,15.0,0.810111111
2,0,1,2,6,0.8,2.9,1039.0,960,0,0.0,0,0,8.0,0.3715625
19,0,2,1,4,0.8,4.3,1039.0,1440,0,0.0,0,0,12.0,0.940625
8,1,0,1,2,0.8,28.08,716.0,10350,50,0.0,0,0,57.5,0.800594466
25,1,2,2,8,0.65,4.15,1039.0,960,0,0.0,0,0,8.0,0.5619791670000001
29,0,1,0,2,0.7,3.9,1039.0,960,0,0.0,0,0,8.0,0.5565625
3,4,0,3,5,0.7,26.82,992.0,6960,30,0.0,0,1,58.0,0.700556897
4,2,2,5,6,0.5,2.9,1039.0,1200,0,0.0,0,0,10.0,0.899
10,4,0,2,5,0.7,30.1,773.0,7020,40,0.0,0,0,58.0,0.700618234
19,0,0,1,5,0.5,20.79,1455.0,6960,30,0.0,0,0,58.0,0.500035345
57,0,0,3,11,0.75,11.61,635.0,3360,45,0.0,0,0,57.0,0.750503571
41,1,0,4,6,0.65,18.79,881.0,3960,26,0.0,0,0,33.0,0.651007071
23,4,0,4,1,0.8,22.52,1615.0,6780,88,0.0,0,0,56.5,0.900135693
25,1,2,2,9,0.75,3.94,1039.0,960,0,0.0,0,0,8.0,0.994270833
33,1,1,3,9,0.75,3.94,1039.0,960,0,0.0,0,0,8.0,0.755166667
42,4,2,2,9,0.8,3.94,1039.0,1440,0,0.0,0,0,8.0,0.8581439390000001
43,4,1,0,7,0.7,4.15,1039.0,1800,0,0.0,0,0,15.0,0.929277778
56,1,0,5,4,0.65,23.69,861.0,7200,0,0.0,0,0,60.0,0.52118
52,4,0,2,10,0.7,21.82,1576.0,6000,30,0.0,0,0,50.0,0.700422
35,0,2,3,2,0.8,3.94,1039.0,1800,0,0.0,0,0,15.0,0.902222222
25,1,2,2,1,0.75,3.94,1039.0,2280,0,0.0,0,0,19.0,0.504596491
19,0,0,1,12,0.7,15.26,1462.0,4080,40,0.0,0,0,34.0,0.7001647059999999
43,4,0,0,3,0.5,30.1,1261.0,6960,30,0.0,0,1,58.0,0.500801724
6,3,0,4,3,0.6,30.1,1361.0,6960,30,0.0,0,1,58.0,0.475718391
15,4,2,5,5,0.7,4.15,1039.0,3840,0,0.0,0,0,8.0,0.8213541670000001
12,1,0,5,8,0.7,24.26,1167.0,6840,0,0.0,0,0,57.0,0.496549708
19,0,2,1,5,0.5,4.15,1039.0,1440,0,0.0,0,0,12.0,0.926388889
41,1,2,4,4,0.8,4.3,1039.0,1440,0,0.0,0,0,12.0,0.8450694440000001
48,1,0,0,1,0.7,26.82,1267.0,8160,70,0.0,0,0,58.0,0.850045
47,4,1,1,1,0.75,3.94,1039.0,960,0,0.0,0,0,8.0,0.880754167
56,1,0,5,2,0.75,19.87,733.0,6000,34,0.0,0,0,55.0,0.753097531
39,1,2,2,5,0.6,2.9,1039.0,960,0,0.0,0,0,8.0,0.759270833
49,1,2,4,7,0.8,2.9,1039.0,960,0,0.0,0,0,8.0,0.667604167
26,0,1,5,10,0.7,2.9,1039.0,3360,0,0.0,0,0,8.0,0.410833333
43,4,0,0,6,0.8,18.79,822.0,4080,0,0.0,0,0,34.0,0.557252451
2,0,1,2,10,0.8,3.94,1039.0,2400,0,0.0,0,0,20.0,0.955791667
18,0,0,4,1,0.7,22.94,1682.0,10530,75,0.0,0,0,58.5,0.8009096090000001
35,0,2,3,1,0.75,3.94,1039.0,1200,0,0.0,0,0,10.0,0.9456
35,0,0,3,7,0.6,23.54,958.0,6600,0,0.0,0,0,55.0,0.285333333
3,4,0,3,12,0.8,15.26,470.0,4080,63,0.0,0,0,34.0,0.8004019609999999
44,0,2,0,2,0.75,3.94,1039.0,1440,0,0.0,0,0,8.0,0.578314394
8,1,0,1,1,0.8,26.16,1187.0,10620,75,0.0,0,0,59.0,0.850502311
14,1,1,4,10,0.7,2.9,1039.0,3360,0,0.0,0,0,8.0,0.6645833329999999
37,3,1,1,9,0.8,3.94,1039.0,960,0,0.0,0,0,8.0,0.586041667
31,3,0,2,9,0.8,26.16,1196.0,10620,63,0.0,0,0,59.0,0.8001171029999999
6,3,1,4,1,0.8,3.94,1039.0,960,0,0.0,0,0,8.0,1.1204375
31,3,0,2,6,0.8,11.41,1028.0,4380,50,0.0,0,0,31.0,0.800358775
49,1,2,4,11,0.75,4.15,1039.0,960,0,0.0,0,0,8.0,0.345833333
57,0,1,3,10,0.7,2.9,1039.0,1200,0,0.0,0,0,10.0,0.845833333
24,3,1,3,7,0.7,5.13,1039.0,960,0,0.0,0,0,8.0,0.671875
29,0,0,0,1,0.5,26.66,1448.0,6840,30,0.0,0,2,57.0,0.5503497079999999
11,3,2,0,6,0.8,2.9,1039.0,900,0,0.0,0,0,5.0,0.465757576
50,3,2,5,7,0.8,2.9,1039.0,1440,0,0.0,0,0,8.0,0.689299242
49,1,0,4,7,0.8,25.9,1227.0,7020,60,0.0,0,0,56.5,0.850436438
27,4,1,4,4,0.75,3.94,1039.0,960,0,0.0,0,0,8.0,0.890604167
54,3,2,3,5,0.7,4.15,1039.0,2400,0,0.0,0,0,8.0,0.758173077
56,1,2,5,7,0.8,2.9,1039.0,960,0,0.0,0,0,8.0,0.5407291670000001
35,0,0,3,8,0.7,38.09,336.0,6240,0,0.0,0,0,52.0,0.467693269
37,3,1,1,4,0.75,5.13,1039.0,960,0,0.0,0,0,8.0,0.656666667
42,4,2,2,1,0.8,3.94,1039.0,1440,0,0.0,0,0,8.0,0.955151515
3,4,1,3,12,0.8,4.6,1039.0,2160,0,0.0,0,0,9.0,0.922839506
30,0,1,4,11,0.6,2.9,1039.0,2880,0,0.0,0,0,12.0,0.805555556
37,3,1,1,12,0.8,5.13,1039.0,1080,0,0.0,0,0,9.0,0.9025
0,2,0,0,6,0.6,18.79,799.0,3960,23,0.0,0,0,33.0,0.600710606
45,0,2,2,10,0.75,3.94,1039.0,3780,0,0.0,0,0,21.0,0.997792208
15,4,0,5,10,0.75,28.08,1066.0,10530,69,0.0,0,0,58.5,0.8
2,0,0,2,4,0.8,30.1,891.0,7140,38,0.0,0,1,59.0,0.800137255
19,0,0,1,1,0.75,22.94,1871.0,6960,55,0.0,0,0,58.0,0.800263218
53,1,0,1,10,0.7,21.82,1313.0,5040,30,0.0,0,0,51.0,0.699984417
27,4,1,4,2,0.7,3.9,1039.0,1200,0,0.0,0,0,10.0,0.884
50,3,0,5,8,0.8,25.9,1177.0,8970,60,0.0,0,0,56.5,0.8504156279999999
50,3,2,5,5,0.65,4.15,1039.0,1440,0,0.0,0,0,8.0,0.8606534090000001
1,1,0,2,8,0.75,29.4,551.0,6840,45,0.0,0,0,57.0,0.750473684
43,4,1,0,1,0.8,3.94,1039.0,1440,0,0.0,0,0,12.0,0.7962083329999999
56,1,0,5,12,0.8,11.41,968.0,3660,50,0.0,0,0,30.5,0.8005704920000001
19,0,0,1,6,0.8,30.4,338.0,3840,34,0.0,0,0,32.0,0.622828125
23,4,1,4,12,0.8,4.08,1039.0,1080,0,0.0,0,0,9.0,0.8915555559999999
15,4,0,5,6,0.8,11.41,411.0,14640,50,0.0,0,0,30.5,0.800024932
48,1,1,0,5,0.35,3.94,1039.0,2400,0,0.0,0,0,10.0,0.80575
4,2,0,5,6,0.5,18.79,717.0,3960,23,0.0,0,0,33.0,0.500117677
20,3,0,1,10,0.7,22.52,1108.0,10080,63,0.0,0,0,56.0,0.750057359
55,1,0,5,4,0.7,26.82,1117.0,7080,50,0.0,0,0,59.0,0.750050847
57,0,1,3,2,0.7,3.9,1039.0,960,0,0.0,0,0,8.0,0.440375
49,1,0,4,12,0.8,11.61,1216.0,6975,50,0.0,0,0,31.0,0.800030199
0,2,2,0,11,0.65,3.94,1039.0,600,0,0.0,0,0,5.0,0.971866667
18,0,0,4,11,0.75,42.97,532.0,10260,40,0.0,0,0,57.0,0.59114168
0,2,0,0,5,0.7,50.89,282.0,5880,56,0.0,0,0,59.0,0.656763743
13,4,0,1,1,0.8,22.52,1546.0,0,88,0.0,0,0,57.0,0.90047076
41,1,2,4,12,0.75,4.08,1039.0,1080,0,0.0,0,0,9.0,0.702666667
26,0,0,5,3,0.75,29.4,1244.0,6840,45,0.0,0,2,57.0,0.750473684
54,3,0,3,10,0.7,22.52,1206.0,10080,75,0.0,0,0,56.0,0.800020563
40,4,0,3,11,0.35,14.61,838.0,7200,23,0.0,0,0,55.0,0.35003125
38,0,2,5,3,0.7,3.94,1039.0,12000,0,0.0,0,0,20.0,0.460578704
21,4,0,3,12,0.8,15.26,854.0,4080,50,0.0,0,0,34.0,0.8004019609999999
38,0,2,5,7,0.6,3.94,1039.0,6000,0,0.0,0,0,10.0,0.957638889
36,4,0,0,4,0.8,28.08,660.0,10440,63,0.0,0,0,58.0,0.8010282129999999
44,0,0,0,9,0.6,29.12,925.0,6660,23,0.0,0,0,58.0,0.600125217
14,1,1,4,9,0.75,2.9,1039.0,960,0,0.0,0,0,8.0,0.447083333
35,0,2,3,10,0.8,3.94,1039.0,1200,0,0.0,0,0,10.0,0.840533333
15,4,0,5,11,0.35,12.52,287.0,25920,38,0.0,0,0,54.0,0.349951389
24,3,0,3,11,0.7,11.41,685.0,3360,30,0.0,0,2,56.0,0.8211125
24,3,0,3,8,0.65,29.4,962.0,4560,0,4.5,30,2,57.0,0.251399254
25,1,0,2,5,0.5,30.1,839.0,6960,0,0.0,0,0,58.0,0.500801724
24,3,1,3,10,0.8,3.94,1039.0,960,0,0.0,0,0,8.0,0.64025
3,4,1,3,7,0.65,3.9,1039.0,960,0,0.0,0,0,8.0,0.625625
46,1,0,1,4,0.8,22.52,340.0,5460,63,0.0,0,0,56.5,0.800434622
11,3,0,0,4,0.7,22.52,825.0,10170,50,0.0,0,0,56.5,0.7005416999999999
5,3,0,5,2,0.65,30.33,841.0,6840,0,0.0,0,1,57.0,0.585315789
42,4,2,2,11,0.8,4.15,1039.0,1440,0,0.0,0,0,8.0,0.640577652
38,0,0,5,5,0.7,20.4,1480.0,10440,40,0.0,0,0,58.0,0.7002507840000001
8,1,0,1,10,0.75,28.08,1209.0,10530,45,0.0,0,0,58.5,0.750545455
47,4,0,1,3,0.8,30.1,756.0,6960,63,0.0,0,1,58.0,0.800071839
4,2,2,5,8,0.65,4.15,1039.0,960,0,0.0,0,0,8.0,0.877552083
46,1,2,1,4,0.8,4.3,1039.0,1440,0,0.0,0,0,12.0,0.5375
51,1,2,0,7,0.8,3.94,1039.0,960,0,0.0,0,0,8.0,0.6253125
20,3,0,1,9,0.8,26.16,399.0,10620,63,0.0,0,0,59.0,0.8001171029999999
56,1,0,5,11,0.8,11.41,968.0,3660,50,0.0,0,0,30.5,0.8005704920000001
45,0,0,2,9,0.7,29.12,1143.0,10440,40,0.0,0,0,58.0,0.70061442
48,1,0,0,4,0.7,26.82,1195.0,6960,60,0.0,0,0,58.0,0.800746552
33,1,1,3,7,0.7,3.94,1039.0,960,0,0.0,0,0,8.0,0.779791667
18,0,2,4,10,0.75,3.94,1039.0,3420,0,0.0,0,0,19.0,0.955151515
5,3,0,5,1,0.8,22.52,265.0,3840,63,0.0,0,0,57.0,0.8004705129999999
16,1,2,3,2,0.8,3.94,1039.0,1440,0,0.0,0,0,8.0,0.8133712120000001
7,4,0,1,7,0.8,25.9,1126.0,10170,60,0.0,0,0,56.5,0.850136766
57,0,1,3,9,0.7,2.9,1039.0,960,0,0.0,0,0,8.0,0.410833333
39,1,0,2,12,0.8,11.61,1037.0,7200,50,0.0,0,0,32.0,0.8002460109999999
49,1,0,4,8,0.8,25.9,1039.0,6780,45,0.0,0,0,56.5,0.8503451329999999
58,1,0,0,3,0.8,22.52,1060.0,6840,100,0.0,0,0,57.0,0.950185965
16,1,2,3,7,0.8,2.9,1039.0,1440,0,0.0,0,0,8.0,0.804640152
8,1,0,1,7,0.8,25.9,1035.0,10170,38,0.0,0,0,56.5,0.800128721
52,4,0,2,7,0.5,30.48,1161.0,6600,0,0.0,0,1,55.0,0.5006109089999999
16,1,0,3,1,0.8,26.16,1179.0,10620,75,0.0,0,0,59.0,0.850502311
53,1,1,1,1,0.7,3.94,1039.0,3360,0,0.0,0,0,8.0,0.555430556
27,4,0,4,6,0.6,23.41,1266.0,2520,23,0.0,0,1,38.0,0.601037091
